site_slug,date,day_active,start_time,end_time,professional_name,professional_id,gender,site_id,session_id
aberdeen,Thursday 1 October 2026,True,12:45,13:30,Mrs Jennifer Dunbar,001w000001L7d6sAAB,Female,a0O2000000AeJ9zEAF,a0WPz00000KXPanMAH
aberdeen,Thursday 1 October 2026,True,13:30,14:15,Mrs Jennifer Dunbar,001w000001L7d6sAAB,Female,a0O2000000AeJ9zEAF,a0WPz00000KXPanMAH
aberdeen,Thursday 1 October 2026,True,16:00,16:45,Mrs Jennifer Dunbar,001w000001L7d6sAAB,Female,a0O2000000AeJ9zEAF,a0WPz00000KXPaoMAH
aberdeen,Thursday 1 October 2026,True,17:45,18:30,Mrs Jennifer Dunbar,001w000001L7d6sAAB,Female,a0O2000000AeJ9zEAF,a0WPz00000KXPaoMAH
aberdeen,Monday 5 October 2026,True,12:30,13:15,Mrs Jennifer Dunbar,001w000001L7d6sAAB,Female,a0O2000000AeJ9zEAF,a0WPz00000KWqHyMAL
aberdeen,Monday 5 October 2026,True,13:15,14:00,Mrs Jennifer Dunbar,001w000001L7d6sAAB,Female,a0O2000000AeJ9zEAF,a0WPz00000KWqHyMAL
aberdeen,Monday 5 October 2026,True,14:00,14:45,Mrs Jennifer Dunbar,001w000001L7d6sAAB,Female,a0O2000000AeJ9zEAF,a0WPz00000KWqHyMAL
aberdeen,Monday 5 October 2026,True,16:00,16:45,Mrs Jennifer Dunbar,001w000001L7d6sAAB,Female,a0O2000000AeJ9zEAF,a0WPz00000KWqHzMAL
aberdeen,Monday 5 October 2026,True,16:45,17:30,Mrs Jennifer Dunbar,001w000001L7d6sAAB,Female,a0O2000000AeJ9zEAF,a0WPz00000KWqHzMAL
aberdeen,Monday 5 October 2026,True,18:15,19:00,Mrs Jennifer Dunbar,001w000001L7d6sAAB,Female,a0O2000000AeJ9zEAF,a0WPz00000KWqHzMAL
aberdeen,Tuesday 6 October 2026,True,13:30,14:15,Mrs Jennifer Dunbar,001w000001L7d6sAAB,Female,a0O2000000AeJ9zEAF,a0WPz00000KXQ6fMAH
aylesbury,Thursday 1 October 2026,True,10:00,10:45,Ms Grace Chikelu-Amamilo,001Tw00000vjYBGIA2,Female,a0Ow000000GSYnfEAH,a0WTw000003hXStMAM
aylesbury,Thursday 1 October 2026,True,14:30,15:15,Ms Grace Chikelu-Amamilo,001Tw00000vjYBGIA2,Female,a0Ow000000GSYnfEAH,a0WTw000003hXT5MAM
aylesbury,Thursday 1 October 2026,True,15:15,16:00,Ms Grace Chikelu-Amamilo,001Tw00000vjYBGIA2,Female,a0Ow000000GSYnfEAH,a0WTw000003hXT5MAM
aylesbury,Friday 2 October 2026,True,10:00,10:45,Ms Grace Chikelu-Amamilo,001Tw00000vjYBGIA2,Female,a0Ow000000GSYnfEAH,a0WTw000003hXTHMA2
aylesbury,Thursday 8 October 2026,True,12:30,13:15,Ms Grace Chikelu-Amamilo,001Tw00000vjYBGIA2,Female,a0Ow000000GSYnfEAH,a0WTw000003hXSuMAM
aylesbury,Thursday 8 October 2026,True,18:30,19:15,Ms Grace Chikelu-Amamilo,001Tw00000vjYBGIA2,Female,a0Ow000000GSYnfEAH,a0WTw000003hXT6MAM
aylesbury,Monday 12 October 2026,True,11:00,11:45,Mrs Laura Edmonds,001w000001MYDvOAAX,Female,a0Ow000000GSYnfEAH,a0WPz00000RydtYMAR
aylesbury,Monday 12 October 2026,True,11:45,12:30,Mrs Laura Edmonds,001w000001MYDvOAAX,Female,a0Ow000000GSYnfEAH,a0WPz00000RydtYMAR
aylesbury,Monday 12 October 2026,True,14:30,15:15,Mrs Laura Edmonds,001w000001MYDvOAAX,Female,a0Ow000000GSYnfEAH,a0WPz00000RydttMAB
aylesbury,Monday 12 October 2026,True,15:15,16:00,Mrs Laura Edmonds,001w000001MYDvOAAX,Female,a0Ow000000GSYnfEAH,a0WPz00000RydttMAB
aylesbury,Tuesday 13 October 2026,True,09:00,09:45,Mrs Laura Edmonds,001w000001MYDvOAAX,Female,a0Ow000000GSYnfEAH,a0WPz00000Rye3PMAR
aylesbury,Tuesday 13 October 2026,True,12:00,12:45,Mrs Laura Edmonds,001w000001MYDvOAAX,Female,a0Ow000000GSYnfEAH,a0WPz00000Rye3PMAR
aylesbury,Tuesday 13 October 2026,True,14:00,14:45,Mrs Laura Edmonds,001w000001MYDvOAAX,Female,a0Ow000000GSYnfEAH,a0WPz00000Rye45MAB
london-battersea,Thursday 1 October 2026,True,09:00,09:45,Mr Ali Momeni Pour,001Pz00000wUTEhIAO,Male,a0O2000000AeJB6EAN,a0WPz00000VdcTSMAZ
london-battersea,Thursday 1 October 2026,True,12:00,12:45,Mr Ali Momeni Pour,001Pz00000wUTEhIAO,Male,a0O2000000AeJB6EAN,a0WPz00000VdcTSMAZ
london-battersea,Thursday 1 October 2026,True,15:30,16:15,Mr Ali Momeni Pour,001Pz00000wUTEhIAO,Male,a0O2000000AeJB6EAN,a0WPz00000VdcU6MAJ
london-battersea,Saturday 3 October 2026,True,08:30,09:15,Mr Ali Momeni Pour,001Pz00000wUTEhIAO,Male,a0O2000000AeJB6EAN,a0WPz00000VdpD6MAJ
london-battersea,Saturday 3 October 2026,True,09:15,10:00,Mr Ali Momeni Pour,001Pz00000wUTEhIAO,Male,a0O2000000AeJB6EAN,a0WPz00000VdpD6MAJ
london-battersea,Wednesday 7 October 2026,True,12:00,12:45,Mr Ali Momeni Pour,001Pz00000wUTEhIAO,Male,a0O2000000AeJB6EAN,a0WPz00000VdcUjMAJ
london-battersea,Wednesday 7 October 2026,True,12:45,13:30,Mr Ali Momeni Pour,001Pz00000wUTEhIAO,Male,a0O2000000AeJB6EAN,a0WPz00000VdcUjMAJ
london-battersea,Wednesday 7 October 2026,True,13:30,14:15,Mr Ali Momeni Pour,001Pz00000wUTEhIAO,Male,a0O2000000AeJB6EAN,a0WPz00000VdcUjMAJ
london-battersea,Wednesday 7 October 2026,True,14:15,15:00,Mr Ali Momeni Pour,001Pz00000wUTEhIAO,Male,a0O2000000AeJB6EAN,a0WPz00000VdcUjMAJ
london-battersea,Wednesday 7 October 2026,True,16:30,17:15,Mr Ali Momeni Pour,001Pz00000wUTEhIAO,Male,a0O2000000AeJB6EAN,a0WPz00000VdpC9MAJ
london-battersea,Thursday 8 October 2026,True,09:30,10:15,Mr Ali Momeni Pour,001Pz00000wUTEhIAO,Male,a0O2000000AeJB6EAN,a0WPz00000VdcTUMAZ
london-battersea,Thursday 8 October 2026,True,10:15,11:00,Mr Ali Momeni Pour,001Pz00000wUTEhIAO,Male,a0O2000000AeJB6EAN,a0WPz00000VdcTUMAZ
london-battersea,Thursday 8 October 2026,True,11:00,11:45,Mr Ali Momeni Pour,001Pz00000wUTEhIAO,Male,a0O2000000AeJB6EAN,a0WPz00000VdcTUMAZ
london-battersea,Thursday 8 October 2026,True,11:45,12:30,Mr Ali Momeni Pour,001Pz00000wUTEhIAO,Male,a0O2000000AeJB6EAN,a0WPz00000VdcTUMAZ
london-battersea,Thursday 8 October 2026,True,14:30,15:15,Mr Ali Momeni Pour,001Pz00000wUTEhIAO,Male,a0O2000000AeJB6EAN,a0WPz00000VdcU8MAJ
london-battersea,Thursday 8 October 2026,True,15:15,16:00,Mr Ali Momeni Pour,001Pz00000wUTEhIAO,Male,a0O2000000AeJB6EAN,a0WPz00000VdcU8MAJ
london-battersea,Thursday 8 October 2026,True,16:00,16:45,Mr Ali Momeni Pour,001Pz00000wUTEhIAO,Male,a0O2000000AeJB6EAN,a0WPz00000VdcU8MAJ
london-battersea,Thursday 8 October 2026,True,16:45,17:30,Mr Ali Momeni Pour,001Pz00000wUTEhIAO,Male,a0O2000000AeJB6EAN,a0WPz00000VdcU8MAJ
london-battersea,Friday 9 October 2026,True,11:30,12:15,Mr Ali Momeni Pour,001Pz00000wUTEhIAO,Male,a0O2000000AeJB6EAN,a0WPz00000VdpCTMAZ
london-battersea,Friday 9 October 2026,True,13:30,14:15,Mr Ali Momeni Pour,001Pz00000wUTEhIAO,Male,a0O2000000AeJB6EAN,a0WPz00000VdpCTMAZ
london-battersea,Friday 9 October 2026,True,15:30,16:15,Mr Ali Momeni Pour,001Pz00000wUTEhIAO,Male,a0O2000000AeJB6EAN,a0WPz00000VdpCnMAJ
london-battersea,Friday 9 October 2026,True,16:15,17:00,Mr Ali Momeni Pour,001Pz00000wUTEhIAO,Male,a0O2000000AeJB6EAN,a0WPz00000VdpCnMAJ
london-battersea,Friday 9 October 2026,True,17:30,18:15,Mr Ali Momeni Pour,001Pz00000wUTEhIAO,Male,a0O2000000AeJB6EAN,a0WPz00000VdpCnMAJ
london-battersea,Saturday 10 October 2026,True,08:30,09:15,Mr Ali Momeni Pour,001Pz00000wUTEhIAO,Male,a0O2000000AeJB6EAN,a0WPz00000VdpD7MAJ
london-battersea,Saturday 10 October 2026,True,09:15,10:00,Mr Ali Momeni Pour,001Pz00000wUTEhIAO,Male,a0O2000000AeJB6EAN,a0WPz00000VdpD7MAJ
london-battersea,Saturday 10 October 2026,True,11:30,12:15,Mr Ali Momeni Pour,001Pz00000wUTEhIAO,Male,a0O2000000AeJB6EAN,a0WPz00000VdpDRMAZ
london-battersea,Saturday 10 October 2026,True,12:15,13:00,Mr Ali Momeni Pour,001Pz00000wUTEhIAO,Male,a0O2000000AeJB6EAN,a0WPz00000VdpDRMAZ
bolton,Thursday 1 October 2026,True,14:00,14:45,Mr Paul Staines,001w000001K64h9AAB,Male,a0Ow000000KKrHeEAL,a0WPz00000U2IfhMAF
bolton,Tuesday 6 October 2026,True,14:00,14:45,Mr Paul Staines,001w000001K64h9AAB,Male,a0Ow000000KKrHeEAL,a0WPz00000U2IfaMAF
bolton,Thursday 8 October 2026,True,13:30,14:15,Mr Paul Staines,001w000001K64h9AAB,Male,a0Ow000000KKrHeEAL,a0WPz00000U2IfiMAF
bolton,Tuesday 13 October 2026,True,09:30,10:15,Mr Paul Staines,001w000001K64h9AAB,Male,a0Ow000000KKrHeEAL,a0WPz00000U2IfXMAV
bolton,Tuesday 13 October 2026,True,10:15,11:00,Mr Paul Staines,001w000001K64h9AAB,Male,a0Ow000000KKrHeEAL,a0WPz00000U2IfXMAV
bolton,Tuesday 13 October 2026,True,11:00,11:45,Mr Paul Staines,001w000001K64h9AAB,Male,a0Ow000000KKrHeEAL,a0WPz00000U2IfXMAV
bolton,Tuesday 13 October 2026,True,11:45,12:30,Mr Paul Staines,001w000001K64h9AAB,Male,a0Ow000000KKrHeEAL,a0WPz00000U2IfXMAV
bolton,Tuesday 13 October 2026,True,13:30,14:15,Mr Paul Staines,001w000001K64h9AAB,Male,a0Ow000000KKrHeEAL,a0WPz00000U2IfbMAF
bolton,Tuesday 13 October 2026,True,14:45,15:30,Mr Paul Staines,001w000001K64h9AAB,Male,a0Ow000000KKrHeEAL,a0WPz00000U2IfbMAF
bournemouth,Tuesday 6 October 2026,True,16:30,17:15,Mrs Caroline Hooper (age 18+),0014J00000eZLBVQA4,Female,a0O2000000AeJHPEA3,a0WPz00000T9wAYMAZ
bournemouth,Wednesday 7 October 2026,True,09:30,10:15,Mrs Caroline Hooper (age 18+),0014J00000eZLBVQA4,Female,a0O2000000AeJHPEA3,a0WPz00000TAyTjMAL
brighton,Friday 2 October 2026,True,11:00,11:45,Mr Owen Harris,00120000010rxbgAAA,Male,a0O2000000AeJHREA3,a0WPz00000HIwsZMAT
brighton,Tuesday 6 October 2026,True,10:30,11:15,Mrs Nadia Tabak,0014J00000yylHUQAY,Female,a0O2000000AeJHREA3,a0WPz00000WSx7cMAD
brighton,Tuesday 6 October 2026,True,11:15,12:00,Mrs Nadia Tabak,0014J00000yylHUQAY,Female,a0O2000000AeJHREA3,a0WPz00000WSx7cMAD
brighton,Tuesday 6 October 2026,True,12:30,13:15,Mrs Nadia Tabak,0014J00000yylHUQAY,Female,a0O2000000AeJHREA3,a0WPz00000WSx7cMAD
brighton,Tuesday 6 October 2026,True,13:00,13:45,Mr Owen Harris,00120000010rxbgAAA,Male,a0O2000000AeJHREA3,a0WPz00000HIwrmMAD
brighton,Wednesday 7 October 2026,True,10:15,11:00,Mrs Nadia Tabak,0014J00000yylHUQAY,Female,a0O2000000AeJHREA3,a0WPz00000WSx7dMAD
brighton,Wednesday 7 October 2026,True,14:30,15:15,Mrs Nadia Tabak,0014J00000yylHUQAY,Female,a0O2000000AeJHREA3,a0WPz00000WSx7dMAD
brighton,Thursday 8 October 2026,True,17:00,17:45,Mrs Nadia Tabak,0014J00000yylHUQAY,Female,a0O2000000AeJHREA3,a0WTw000003nHqnMAE
brighton,Thursday 8 October 2026,True,18:30,19:15,Mrs Nadia Tabak,0014J00000yylHUQAY,Female,a0O2000000AeJHREA3,a0WTw000003nHqnMAE
brighton,Thursday 8 October 2026,True,19:15,20:00,Mrs Nadia Tabak,0014J00000yylHUQAY,Female,a0O2000000AeJHREA3,a0WTw000003nHqnMAE
brighton,Friday 9 October 2026,True,08:15,09:00,Mr Owen Harris,00120000010rxbgAAA,Male,a0O2000000AeJHREA3,a0WPz00000HIwsaMAD
brighton,Friday 9 October 2026,True,10:30,11:15,Mr Owen Harris,00120000010rxbgAAA,Male,a0O2000000AeJHREA3,a0WPz00000HIwsaMAD
brighton,Friday 9 October 2026,True,17:00,17:45,Mrs Nadia Tabak,0014J00000yylHUQAY,Female,a0O2000000AeJHREA3,a0WTw000003nHqoMAE
brighton,Friday 9 October 2026,True,17:45,18:30,Mrs Nadia Tabak,0014J00000yylHUQAY,Female,a0O2000000AeJHREA3,a0WTw000003nHqoMAE
brighton,Friday 9 October 2026,True,18:30,19:15,Mrs Nadia Tabak,0014J00000yylHUQAY,Female,a0O2000000AeJHREA3,a0WTw000003nHqoMAE
brighton,Friday 9 October 2026,True,19:15,20:00,Mrs Nadia Tabak,0014J00000yylHUQAY,Female,a0O2000000AeJHREA3,a0WTw000003nHqoMAE
brighton,Monday 12 October 2026,True,08:30,09:15,Mrs Chris Rosam,00120000010rxY0AAI,Female,a0O2000000AeJHREA3,a0WPz00000STJFuMAP
bristol-clifton,Tuesday 6 October 2026,True,08:30,09:15,Miss Fiona Everton,00120000010rxT0AAI,Female,a0O2000000AeJBqEAN,a0WPz00000JjfpqMAB
bristol-clifton,Tuesday 6 October 2026,True,10:45,11:30,Miss Fiona Everton,00120000010rxT0AAI,Female,a0O2000000AeJBqEAN,a0WPz00000JjfpqMAB
bristol-clifton,Tuesday 6 October 2026,True,13:00,13:45,Miss Fiona Everton,00120000010rxT0AAI,Female,a0O2000000AeJBqEAN,a0WPz00000JjZaDMAV
bristol-clifton,Monday 12 October 2026,True,09:00,09:45,Mrs Katie Wyatt,0012X00001vIcXYQA0,Female,a0O2000000AeJBqEAN,a0WPz00000UTx3UMAT
bristol-clifton,Monday 12 October 2026,True,11:30,12:15,Mrs Katie Wyatt,0012X00001vIcXYQA0,Female,a0O2000000AeJBqEAN,a0WPz00000UTx3UMAT
bristol-clifton,Monday 12 October 2026,True,13:00,13:45,Mrs Claire Turner,001Pz000009uarkIAA,Female,a0O2000000AeJBqEAN,a0WPz00000UUIClMAP
bristol-clifton,Tuesday 13 October 2026,True,08:30,09:15,Miss Fiona Everton,00120000010rxT0AAI,Female,a0O2000000AeJBqEAN,a0WPz00000JjgcOMAR
bristol-clifton,Tuesday 13 October 2026,True,09:15,10:00,Miss Fiona Everton,00120000010rxT0AAI,Female,a0O2000000AeJBqEAN,a0WPz00000JjgcOMAR
bristol-clifton,Tuesday 13 October 2026,True,10:00,10:45,Miss Fiona Everton,00120000010rxT0AAI,Female,a0O2000000AeJBqEAN,a0WPz00000JjgcOMAR
bristol-clifton,Tuesday 13 October 2026,True,10:45,11:30,Miss Fiona Everton,00120000010rxT0AAI,Female,a0O2000000AeJBqEAN,a0WPz00000JjgcOMAR
bristol-clifton,Tuesday 13 October 2026,True,13:00,13:45,Miss Fiona Everton,00120000010rxT0AAI,Female,a0O2000000AeJBqEAN,a0WPz00000JjgcYMAR
bristol-clifton,Tuesday 13 October 2026,True,15:00,15:45,Miss Fiona Everton,00120000010rxT0AAI,Female,a0O2000000AeJBqEAN,a0WPz00000JjgciMAB
bristol-north,Thursday 1 October 2026,True,09:00,09:45,Mr Aaron Armoogum (ADULTS ONLY),001Pz00000E9tdFIAR,Male,a0Ow000000KKrHiEAL,a0WPz00000TNAW9MAP
bristol-north,Thursday 1 October 2026,True,14:15,15:00,Mr Aaron Armoogum (ADULTS ONLY),001Pz00000E9tdFIAR,Male,a0Ow000000KKrHiEAL,a0WPz00000TNAWFMA5
bristol-north,Wednesday 7 October 2026,True,15:00,15:45,Mr Aaron Armoogum (ADULTS ONLY),001Pz00000E9tdFIAR,Male,a0Ow000000KKrHiEAL,a0WPz00000TNAW4MAP
bristol-north,Wednesday 7 October 2026,True,15:45,16:30,Mr Aaron Armoogum (ADULTS ONLY),001Pz00000E9tdFIAR,Male,a0Ow000000KKrHiEAL,a0WPz00000TNAW4MAP
bristol-north,Thursday 8 October 2026,True,08:00,08:45,Mr Aaron Armoogum (ADULTS ONLY),001Pz00000E9tdFIAR,Male,a0Ow000000KKrHiEAL,a0WPz00000TNAWAMA5
bristol-north,Thursday 8 October 2026,True,08:45,09:30,Mr Aaron Armoogum (ADULTS ONLY),001Pz00000E9tdFIAR,Male,a0Ow000000KKrHiEAL,a0WPz00000TNAWAMA5
bristol-north,Thursday 8 October 2026,True,13:30,14:15,Mr Aaron Armoogum (ADULTS ONLY),001Pz00000E9tdFIAR,Male,a0Ow000000KKrHiEAL,a0WPz00000TNAWGMA5
bristol-north,Friday 9 October 2026,True,08:30,09:15,Mr Sam Harrison,001Pz000012UbIOIA0,Male,a0Ow000000KKrHiEAL,a0WPz00000SY5siMAD
bristol-north,Friday 9 October 2026,True,13:45,14:30,Mr Sam Harrison,001Pz000012UbIOIA0,Male,a0Ow000000KKrHiEAL,a0WPz00000SY5t8MAD
bristol-north,Monday 12 October 2026,True,10:30,11:15,Mrs Claire Kohn,0012000000z9qrbAAA,Female,a0Ow000000KKrHiEAL,a0WPz00000UI1u2MAD
bristol-north,Monday 12 October 2026,True,11:15,12:00,Mrs Claire Kohn,0012000000z9qrbAAA,Female,a0Ow000000KKrHiEAL,a0WPz00000UI1u2MAD
bristol-north,Monday 12 October 2026,True,12:30,13:15,Mrs Claire Kohn,0012000000z9qrbAAA,Female,a0Ow000000KKrHiEAL,a0WPz00000UI1u2MAD
bristol-north,Tuesday 13 October 2026,True,13:30,14:15,Mr Sam Harrison,001Pz000012UbIOIA0,Male,a0Ow000000KKrHiEAL,a0WPz00000SY5sJMAT
bromley,Monday 5 October 2026,True,08:15,09:00,Ms Ashlee Otaru,0014J00000qUpSBQA0,Female,a0O2000000AeJBtEAN,a0WPz00000TNAWcMAP
bromley,Monday 5 October 2026,True,09:00,09:45,Ms Ashlee Otaru,0014J00000qUpSBQA0,Female,a0O2000000AeJBtEAN,a0WPz00000TNAWcMAP
bromley,Monday 5 October 2026,True,13:00,13:45,Ms Ashlee Otaru,0014J00000qUpSBQA0,Female,a0O2000000AeJBtEAN,a0WPz00000TNAWvMAP
bromley,Monday 5 October 2026,True,14:45,15:30,Ms Ashlee Otaru,0014J00000qUpSBQA0,Female,a0O2000000AeJBtEAN,a0WPz00000TNAWvMAP
bromley,Monday 5 October 2026,True,15:30,16:15,Ms Ashlee Otaru,0014J00000qUpSBQA0,Female,a0O2000000AeJBtEAN,a0WPz00000TNAWvMAP
bromley,Wednesday 7 October 2026,True,09:45,10:30,Ms Ashlee Otaru,0014J00000qUpSBQA0,Female,a0O2000000AeJBtEAN,a0WPz00000TNAWeMAP
bromley,Wednesday 7 October 2026,True,13:30,14:15,Ms Ashlee Otaru,0014J00000qUpSBQA0,Female,a0O2000000AeJBtEAN,a0WPz00000TNAWwMAP
bromley,Wednesday 7 October 2026,True,14:15,15:00,Ms Ashlee Otaru,0014J00000qUpSBQA0,Female,a0O2000000AeJBtEAN,a0WPz00000TNAWwMAP
bromley,Wednesday 7 October 2026,True,15:00,15:45,Ms Ashlee Otaru,0014J00000qUpSBQA0,Female,a0O2000000AeJBtEAN,a0WPz00000TNAWwMAP
bromley,Friday 9 October 2026,True,09:15,10:00,Ms Ashlee Otaru,0014J00000qUpSBQA0,Female,a0O2000000AeJBtEAN,a0WPz00000WrjeDMAR
bromley,Friday 9 October 2026,True,10:00,10:45,Ms Ashlee Otaru,0014J00000qUpSBQA0,Female,a0O2000000AeJBtEAN,a0WPz00000WrjeDMAR
bromley,Friday 9 October 2026,True,10:45,11:30,Ms Ashlee Otaru,0014J00000qUpSBQA0,Female,a0O2000000AeJBtEAN,a0WPz00000WrjeDMAR
bromley,Friday 9 October 2026,True,13:30,14:15,Ms Ashlee Otaru,0014J00000qUpSBQA0,Female,a0O2000000AeJBtEAN,a0WPz00000Wrl81MAB
bromley,Friday 9 October 2026,True,14:15,15:00,Ms Ashlee Otaru,0014J00000qUpSBQA0,Female,a0O2000000AeJBtEAN,a0WPz00000Wrl81MAB
bromley,Friday 9 October 2026,True,15:00,15:45,Ms Ashlee Otaru,0014J00000qUpSBQA0,Female,a0O2000000AeJBtEAN,a0WPz00000Wrl81MAB
bromley,Friday 9 October 2026,True,15:45,16:30,Ms Ashlee Otaru,0014J00000qUpSBQA0,Female,a0O2000000AeJBtEAN,a0WPz00000Wrl81MAB
bromley,Monday 12 October 2026,True,08:15,09:00,Ms Ashlee Otaru,0014J00000qUpSBQA0,Female,a0O2000000AeJBtEAN,a0WPz00000UUKRSMA5
bromley,Monday 12 October 2026,True,13:00,13:45,Ms Ashlee Otaru,0014J00000qUpSBQA0,Female,a0O2000000AeJBtEAN,a0WPz00000UU06AMAT
bromley,Monday 12 October 2026,True,13:45,14:30,Ms Ashlee Otaru,0014J00000qUpSBQA0,Female,a0O2000000AeJBtEAN,a0WPz00000UU06AMAT
bromley,Monday 12 October 2026,True,14:30,15:15,Ms Ashlee Otaru,0014J00000qUpSBQA0,Female,a0O2000000AeJBtEAN,a0WPz00000UU06AMAT
bromley,Monday 12 October 2026,True,15:15,16:00,Ms Ashlee Otaru,0014J00000qUpSBQA0,Female,a0O2000000AeJBtEAN,a0WPz00000UU06AMAT
bromley,Tuesday 13 October 2026,True,08:15,09:00,Ms Ashlee Otaru,0014J00000qUpSBQA0,Female,a0O2000000AeJBtEAN,a0WPz00000UUKRTMA5
bromley,Tuesday 13 October 2026,True,09:00,09:45,Ms Ashlee Otaru,0014J00000qUpSBQA0,Female,a0O2000000AeJBtEAN,a0WPz00000UUKRTMA5
bromley,Tuesday 13 October 2026,True,12:45,13:30,Ms Ashlee Otaru,0014J00000qUpSBQA0,Female,a0O2000000AeJBtEAN,a0WPz00000UU06MMAT
bromley,Tuesday 13 October 2026,True,13:30,14:15,Ms Ashlee Otaru,0014J00000qUpSBQA0,Female,a0O2000000AeJBtEAN,a0WPz00000UU06MMAT
cambridge-gym,Friday 2 October 2026,True,09:45,10:30,Mr Sanchit Jain,0014J00000kqygTQAQ,Male,a0Ow000000CHLUEEA5,a0WTw000003sfMDMAY
cambridge-gym,Friday 2 October 2026,True,10:30,11:15,Mr Sanchit Jain,0014J00000kqygTQAQ,Male,a0Ow000000CHLUEEA5,a0WTw000003sfMDMAY
cambridge-gym,Friday 2 October 2026,True,11:15,12:00,Mr Sanchit Jain,0014J00000kqygTQAQ,Male,a0Ow000000CHLUEEA5,a0WTw000003sfMDMAY
cambridge-gym,Friday 2 October 2026,True,13:00,13:45,Mr Sanchit Jain,0014J00000kqygTQAQ,Male,a0Ow000000CHLUEEA5,a0WTw000003sfUHMAY
cardiff-bay,Friday 2 October 2026,True,08:00,08:45,Ms Keshika Tharimena,001Pz00000OO3rnIAD,Female,a0O2000000AeJMKEA3,a0WPz00000W7quSMAR
cardiff-bay,Friday 2 October 2026,True,08:45,09:30,Ms Keshika Tharimena,001Pz00000OO3rnIAD,Female,a0O2000000AeJMKEA3,a0WPz00000W7quSMAR
cardiff-bay,Tuesday 6 October 2026,True,08:30,09:15,Ms Christina Moran,001w000001ceR0NAAU,Female,a0O2000000AeJMKEA3,a0WPz00000XFxhYMAT
cardiff-bay,Tuesday 6 October 2026,True,09:15,10:00,Ms Christina Moran,001w000001ceR0NAAU,Female,a0O2000000AeJMKEA3,a0WPz00000XFxhYMAT
cardiff-bay,Tuesday 6 October 2026,True,11:00,11:45,Ms Christina Moran,001w000001ceR0NAAU,Female,a0O2000000AeJMKEA3,a0WPz00000XFxhYMAT
cardiff-bay,Tuesday 6 October 2026,True,14:45,15:30,Ms Christina Moran,001w000001ceR0NAAU,Female,a0O2000000AeJMKEA3,a0WPz00000XFxhlMAD
cardiff-bay,Wednesday 7 October 2026,True,11:00,11:45,Ms Keshika Tharimena,001Pz00000OO3rnIAD,Female,a0O2000000AeJMKEA3,a0WPz00000XFgdvMAD
cardiff-bay,Wednesday 7 October 2026,True,11:45,12:30,Ms Keshika Tharimena,001Pz00000OO3rnIAD,Female,a0O2000000AeJMKEA3,a0WPz00000XFgdvMAD
cardiff-bay,Wednesday 7 October 2026,True,08:00,08:45,Ms Christina Moran,001w000001ceR0NAAU,Female,a0O2000000AeJMKEA3,a0WPz00000XFxhyMAD
cardiff-bay,Wednesday 7 October 2026,True,10:30,11:15,Ms Christina Moran,001w000001ceR0NAAU,Female,a0O2000000AeJMKEA3,a0WPz00000XFxhyMAD
cardiff-bay,Wednesday 7 October 2026,True,11:15,12:00,Ms Christina Moran,001w000001ceR0NAAU,Female,a0O2000000AeJMKEA3,a0WPz00000XFxhyMAD
cardiff-bay,Wednesday 7 October 2026,True,13:30,14:15,Ms Christina Moran,001w000001ceR0NAAU,Female,a0O2000000AeJMKEA3,a0WPz00000XFxiBMAT
cardiff-bay,Wednesday 7 October 2026,True,13:30,14:15,Ms Keshika Tharimena,001Pz00000OO3rnIAD,Female,a0O2000000AeJMKEA3,a0WPz00000XFge8MAD
cardiff-bay,Wednesday 7 October 2026,True,14:15,15:00,Ms Keshika Tharimena,001Pz00000OO3rnIAD,Female,a0O2000000AeJMKEA3,a0WPz00000XFge8MAD
cardiff-bay,Thursday 8 October 2026,True,08:00,08:45,Ms Keshika Tharimena,001Pz00000OO3rnIAD,Female,a0O2000000AeJMKEA3,a0WPz00000XFgeLMAT
cardiff-bay,Thursday 8 October 2026,True,12:30,13:15,Mr Richard Wood,001w000001dulP2AAI,Male,a0O2000000AeJMKEA3,a0WPz00000XGAorMAH
cardiff-bay,Thursday 8 October 2026,True,13:15,14:00,Mr Richard Wood,001w000001dulP2AAI,Male,a0O2000000AeJMKEA3,a0WPz00000XGAorMAH
cardiff-bay,Thursday 8 October 2026,True,14:00,14:45,Mr Richard Wood,001w000001dulP2AAI,Male,a0O2000000AeJMKEA3,a0WPz00000XGAorMAH
cardiff-bay,Thursday 8 October 2026,True,14:45,15:30,Mr Richard Wood,001w000001dulP2AAI,Male,a0O2000000AeJMKEA3,a0WPz00000XGAorMAH
cardiff-bay,Thursday 8 October 2026,True,13:30,14:15,Ms Keshika Tharimena,001Pz00000OO3rnIAD,Female,a0O2000000AeJMKEA3,a0WPz00000XFgeYMAT
cardiff-bay,Thursday 8 October 2026,True,14:15,15:00,Ms Keshika Tharimena,001Pz00000OO3rnIAD,Female,a0O2000000AeJMKEA3,a0WPz00000XFgeYMAT
cardiff-bay,Friday 9 October 2026,True,08:00,08:45,Ms Keshika Tharimena,001Pz00000OO3rnIAD,Female,a0O2000000AeJMKEA3,a0WPz00000XFgelMAD
cardiff-bay,Friday 9 October 2026,True,08:45,09:30,Ms Keshika Tharimena,001Pz00000OO3rnIAD,Female,a0O2000000AeJMKEA3,a0WPz00000XFgelMAD
cardiff-bay,Friday 9 October 2026,True,10:00,10:45,Ms Keshika Tharimena,001Pz00000OO3rnIAD,Female,a0O2000000AeJMKEA3,a0WPz00000XFgelMAD
cardiff-bay,Monday 12 October 2026,True,10:30,11:15,Miss Emily Davies,001Pz00000EwuueIAB,Female,a0O2000000AeJMKEA3,a0WPz00000XAqaEMAT
cardiff-bay,Monday 12 October 2026,True,14:30,15:15,Miss Emily Davies,001Pz00000EwuueIAB,Female,a0O2000000AeJMKEA3,a0WPz00000XAqaRMAT
cardiff-bay,Tuesday 13 October 2026,True,08:00,08:45,Ms Keshika Tharimena,001Pz00000OO3rnIAD,Female,a0O2000000AeJMKEA3,a0WTw000003s3SEMAY
cardiff-bay,Tuesday 13 October 2026,True,08:45,09:30,Ms Keshika Tharimena,001Pz00000OO3rnIAD,Female,a0O2000000AeJMKEA3,a0WTw000003s3SEMAY
cardiff-bay,Tuesday 13 October 2026,True,09:30,10:15,Ms Keshika Tharimena,001Pz00000OO3rnIAD,Female,a0O2000000AeJMKEA3,a0WTw000003s3SEMAY
cardiff-bay,Tuesday 13 October 2026,True,10:15,11:00,Ms Keshika Tharimena,001Pz00000OO3rnIAD,Female,a0O2000000AeJMKEA3,a0WTw000003s3SEMAY
cardiff-bay,Tuesday 13 October 2026,True,11:00,11:45,Ms Keshika Tharimena,001Pz00000OO3rnIAD,Female,a0O2000000AeJMKEA3,a0WTw000003s3SEMAY
cardiff-bay,Tuesday 13 October 2026,True,10:30,11:15,Mr Jon Baldwin,00120000010rxbbAAA,Male,a0O2000000AeJMKEA3,a0WPz00000XAb3xMAD
cardiff-bay,Tuesday 13 October 2026,True,16:30,17:15,Ms Christina Moran,001w000001ceR0NAAU,Female,a0O2000000AeJMKEA3,a0WPz00000XFxhmMAD
cardiff-bay,Tuesday 13 October 2026,True,17:15,18:00,Ms Christina Moran,001w000001ceR0NAAU,Female,a0O2000000AeJMKEA3,a0WPz00000XFxhmMAD
cardiff-bay,Tuesday 13 October 2026,True,14:45,15:30,Mr Jon Baldwin,00120000010rxbbAAA,Male,a0O2000000AeJMKEA3,a0WPz00000XAb4AMAT
chelmsford,Friday 2 October 2026,True,15:15,16:00,Ms Ropafadzo Gunduza,0014J00000qUVeIQAW,Female,a0O2000000AeJCLEA3,a0WPz00000Ur7H7MAJ
chelmsford,Wednesday 7 October 2026,True,11:30,12:15,Ms Ropafadzo Gunduza,0014J00000qUVeIQAW,Female,a0O2000000AeJCLEA3,a0WPz00000Ur7GtMAJ
chelmsford,Wednesday 7 October 2026,True,15:00,15:45,Ms Ropafadzo Gunduza,0014J00000qUVeIQAW,Female,a0O2000000AeJCLEA3,a0WPz00000Ur7GyMAJ
chelmsford,Wednesday 7 October 2026,True,15:45,16:30,Ms Ropafadzo Gunduza,0014J00000qUVeIQAW,Female,a0O2000000AeJCLEA3,a0WPz00000Ur7GyMAJ
chelmsford,Wednesday 7 October 2026,True,16:30,17:15,Ms Ropafadzo Gunduza,0014J00000qUVeIQAW,Female,a0O2000000AeJCLEA3,a0WPz00000Ur7GyMAJ
chelmsford,Friday 9 October 2026,True,09:30,10:15,Ms Ropafadzo Gunduza,0014J00000qUVeIQAW,Female,a0O2000000AeJCLEA3,a0WPz00000Ur7H3MAJ
chelmsford,Friday 9 October 2026,True,10:15,11:00,Ms Ropafadzo Gunduza,0014J00000qUVeIQAW,Female,a0O2000000AeJCLEA3,a0WPz00000Ur7H3MAJ
chelmsford,Monday 12 October 2026,True,10:00,10:45,Ms Ropafadzo Gunduza,0014J00000qUVeIQAW,Female,a0O2000000AeJCLEA3,a0WPz00000Ur7GkMAJ
chelmsford,Monday 12 October 2026,True,14:00,14:45,Ms Ropafadzo Gunduza,0014J00000qUVeIQAW,Female,a0O2000000AeJCLEA3,a0WPz00000Ur7GpMAJ
chelmsford,Monday 12 October 2026,True,14:45,15:30,Ms Ropafadzo Gunduza,0014J00000qUVeIQAW,Female,a0O2000000AeJCLEA3,a0WPz00000Ur7GpMAJ
chelmsford,Monday 12 October 2026,True,15:30,16:15,Ms Ropafadzo Gunduza,0014J00000qUVeIQAW,Female,a0O2000000AeJCLEA3,a0WPz00000Ur7GpMAJ
chelmsford,Monday 12 October 2026,True,16:15,17:00,Ms Ropafadzo Gunduza,0014J00000qUVeIQAW,Female,a0O2000000AeJCLEA3,a0WPz00000Ur7GpMAJ
cheltenham,Thursday 1 October 2026,True,09:00,09:45,Miss Emma Lewis,001Pz00000HaAn6IAF,Female,a0O2000000AeJHTEA3,a0WPz00000Omo5EMAR
cheltenham,Thursday 1 October 2026,True,11:15,12:00,Mr Iestyn Rees,001w000001BXK68AAH,Male,a0O2000000AeJHTEA3,a0WPz00000HMksiMAD
cheltenham,Thursday 1 October 2026,True,14:00,14:45,Miss Emma Lewis,001Pz00000HaAn6IAF,Female,a0O2000000AeJHTEA3,a0WPz00000Omo5TMAR
cheltenham,Thursday 1 October 2026,True,14:45,15:30,Miss Emma Lewis,001Pz00000HaAn6IAF,Female,a0O2000000AeJHTEA3,a0WPz00000Omo5TMAR
cheltenham,Thursday 1 October 2026,True,14:45,15:30,Mr Iestyn Rees,001w000001BXK68AAH,Male,a0O2000000AeJHTEA3,a0WPz00000KVf1yMAD
cheltenham,Thursday 1 October 2026,True,16:00,16:45,Mr Iestyn Rees,001w000001BXK68AAH,Male,a0O2000000AeJHTEA3,a0WPz00000KVf1yMAD
cheltenham,Friday 2 October 2026,True,10:00,10:45,Mr Huw Dimond,0014J00000Fz9YpQAJ,Male,a0O2000000AeJHTEA3,a0WPz00000Mq2zqMAB
cheltenham,Friday 2 October 2026,True,13:00,13:45,Mr Huw Dimond,0014J00000Fz9YpQAJ,Male,a0O2000000AeJHTEA3,a0WPz00000Mq30AMAR
cheltenham,Friday 2 October 2026,True,13:45,14:30,Mr Huw Dimond,0014J00000Fz9YpQAJ,Male,a0O2000000AeJHTEA3,a0WPz00000Mq30AMAR
cheltenham,Friday 2 October 2026,True,13:00,13:45,Mr Daniel Blijweert,001Pz00000orL6OIAU,Male,a0O2000000AeJHTEA3,a0WPz00000M1rknMAB
cheltenham,Monday 5 October 2026,True,11:30,12:15,Mr Huw Dimond,0014J00000Fz9YpQAJ,Male,a0O2000000AeJHTEA3,a0WPz00000MpjVHMAZ
cheltenham,Monday 5 October 2026,True,16:00,16:45,Mr Huw Dimond,0014J00000Fz9YpQAJ,Male,a0O2000000AeJHTEA3,a0WPz00000MpjVdMAJ
cheltenham,Monday 5 October 2026,True,16:45,17:30,Mr Huw Dimond,0014J00000Fz9YpQAJ,Male,a0O2000000AeJHTEA3,a0WPz00000MpjVdMAJ
cheltenham,Monday 5 October 2026,True,13:30,14:15,Miss Emma Lewis,001Pz00000HaAn6IAF,Female,a0O2000000AeJHTEA3,a0WPz00000OkmtvMAB
cheltenham,Monday 5 October 2026,True,14:15,15:00,Miss Emma Lewis,001Pz00000HaAn6IAF,Female,a0O2000000AeJHTEA3,a0WPz00000OkmtvMAB
cheltenham,Tuesday 6 October 2026,True,11:00,11:45,Miss Erin Caughey,001Pz00000orL6NIAU,Female,a0O2000000AeJHTEA3,a0WPz00000M1qw9MAB
cheltenham,Tuesday 6 October 2026,True,09:30,10:15,Mr Huw Dimond,0014J00000Fz9YpQAJ,Male,a0O2000000AeJHTEA3,a0WPz00000MpjVIMAZ
cheltenham,Tuesday 6 October 2026,True,15:00,15:45,Miss Sarah Shephard,0014J00000Gt5LjQAJ,Female,a0O2000000AeJHTEA3,a0WPz00000WPJN9MAP
cheltenham,Tuesday 6 October 2026,True,13:00,13:45,Mr Huw Dimond,0014J00000Fz9YpQAJ,Male,a0O2000000AeJHTEA3,a0WPz00000MpjVxMAJ
cheltenham,Tuesday 6 October 2026,True,14:45,15:30,Miss Emma Lewis,001Pz00000HaAn6IAF,Female,a0O2000000AeJHTEA3,a0WPz00000Omo4lMAB
cheltenham,Wednesday 7 October 2026,True,17:15,18:00,Miss Erin Caughey,001Pz00000orL6NIAU,Female,a0O2000000AeJHTEA3,a0WPz00000M1rlSMAR
cheltenham,Thursday 8 October 2026,True,08:00,08:45,Miss Sarah Shephard,0014J00000Gt5LjQAJ,Female,a0O2000000AeJHTEA3,a0WPz00000WPJNPMA5
cheltenham,Thursday 8 October 2026,True,09:30,10:15,Miss Sarah Shephard,0014J00000Gt5LjQAJ,Female,a0O2000000AeJHTEA3,a0WPz00000WPJNPMA5
cheltenham,Thursday 8 October 2026,True,10:15,11:00,Miss Sarah Shephard,0014J00000Gt5LjQAJ,Female,a0O2000000AeJHTEA3,a0WPz00000WPJNPMA5
cheltenham,Thursday 8 October 2026,True,09:00,09:45,Miss Erin Caughey,001Pz00000orL6NIAU,Female,a0O2000000AeJHTEA3,a0WPz00000M1ojJMAR
cheltenham,Thursday 8 October 2026,True,09:45,10:30,Miss Erin Caughey,001Pz00000orL6NIAU,Female,a0O2000000AeJHTEA3,a0WPz00000M1ojJMAR
cheltenham,Thursday 8 October 2026,True,10:30,11:15,Miss Erin Caughey,001Pz00000orL6NIAU,Female,a0O2000000AeJHTEA3,a0WPz00000M1ojJMAR
cheltenham,Thursday 8 October 2026,True,09:00,09:45,Miss Emma Lewis,001Pz00000HaAn6IAF,Female,a0O2000000AeJHTEA3,a0WPz00000Omo5FMAR
cheltenham,Thursday 8 October 2026,True,10:15,11:00,Mr Iestyn Rees,001w000001BXK68AAH,Male,a0O2000000AeJHTEA3,a0WPz00000HMksjMAD
cheltenham,Thursday 8 October 2026,True,11:00,11:45,Mr Iestyn Rees,001w000001BXK68AAH,Male,a0O2000000AeJHTEA3,a0WPz00000HMksjMAD
cheltenham,Thursday 8 October 2026,True,13:30,14:15,Miss Sarah Shephard,0014J00000Gt5LjQAJ,Female,a0O2000000AeJHTEA3,a0WPz00000WPJNfMAP
cheltenham,Thursday 8 October 2026,True,14:15,15:00,Miss Sarah Shephard,0014J00000Gt5LjQAJ,Female,a0O2000000AeJHTEA3,a0WPz00000WPJNfMAP
cheltenham,Thursday 8 October 2026,True,15:30,16:15,Miss Sarah Shephard,0014J00000Gt5LjQAJ,Female,a0O2000000AeJHTEA3,a0WPz00000WPJNfMAP
cheltenham,Thursday 8 October 2026,True,14:15,15:00,Mr Iestyn Rees,001w000001BXK68AAH,Male,a0O2000000AeJHTEA3,a0WPz00000KVf1zMAD
cheltenham,Friday 9 October 2026,True,09:00,09:45,Mr Matthew Piff,00120000010rxQFAAY,Male,a0O2000000AeJHTEA3,a0WTw000003Wp2XMAS
cheltenham,Friday 9 October 2026,True,08:30,09:15,Miss Emma Lewis,001Pz00000HaAn6IAF,Female,a0O2000000AeJHTEA3,a0WPz00000Okh4NMAR
cheltenham,Friday 9 October 2026,True,09:15,10:00,Miss Emma Lewis,001Pz00000HaAn6IAF,Female,a0O2000000AeJHTEA3,a0WPz00000Okh4NMAR
cheltenham,Friday 9 October 2026,True,14:30,15:15,Miss Erin Caughey,001Pz00000orL6NIAU,Female,a0O2000000AeJHTEA3,a0WPz00000M1sI3MAJ
cheltenham,Friday 9 October 2026,True,15:15,16:00,Miss Erin Caughey,001Pz00000orL6NIAU,Female,a0O2000000AeJHTEA3,a0WPz00000M1sI3MAJ
cheltenham,Friday 9 October 2026,True,13:30,14:15,Mr Huw Dimond,0014J00000Fz9YpQAJ,Male,a0O2000000AeJHTEA3,a0WPz00000Mq30BMAR
cheltenham,Friday 9 October 2026,True,15:00,15:45,Mr Huw Dimond,0014J00000Fz9YpQAJ,Male,a0O2000000AeJHTEA3,a0WPz00000Mq30BMAR
cheltenham,Friday 9 October 2026,True,15:00,15:45,Mr Daniel Blijweert,001Pz00000orL6OIAU,Male,a0O2000000AeJHTEA3,a0WPz00000M1rkoMAB
cheltenham,Friday 9 October 2026,True,15:45,16:30,Mr Daniel Blijweert,001Pz00000orL6OIAU,Male,a0O2000000AeJHTEA3,a0WPz00000M1rkoMAB
cheltenham,Monday 12 October 2026,True,13:30,14:15,Miss Emma Lewis,001Pz00000HaAn6IAF,Female,a0O2000000AeJHTEA3,a0WPz00000OkmtwMAB
cheltenham,Monday 12 October 2026,True,15:00,15:45,Miss Emma Lewis,001Pz00000HaAn6IAF,Female,a0O2000000AeJHTEA3,a0WPz00000OkmtwMAB
cheltenham,Monday 12 October 2026,True,16:00,16:45,Mr Huw Dimond,0014J00000Fz9YpQAJ,Male,a0O2000000AeJHTEA3,a0WPz00000MpjVeMAJ
cheltenham,Tuesday 13 October 2026,True,08:30,09:15,Miss Vikita Parmar,0014J00000svQ3jQAE,Female,a0O2000000AeJHTEA3,a0WPz00000MVmQXMA1
cheltenham,Tuesday 13 October 2026,True,09:15,10:00,Miss Vikita Parmar,0014J00000svQ3jQAE,Female,a0O2000000AeJHTEA3,a0WPz00000MVmQXMA1
cheltenham,Tuesday 13 October 2026,True,08:00,08:45,Miss Erin Caughey,001Pz00000orL6NIAU,Female,a0O2000000AeJHTEA3,a0WPz00000M1qwAMAR
cheltenham,Tuesday 13 October 2026,True,08:45,09:30,Miss Erin Caughey,001Pz00000orL6NIAU,Female,a0O2000000AeJHTEA3,a0WPz00000M1qwAMAR
cheltenham,Tuesday 13 October 2026,True,14:30,15:15,Miss Emma Lewis,001Pz00000HaAn6IAF,Female,a0O2000000AeJHTEA3,a0WPz00000Omo5sMAB
cheltenham,Tuesday 13 October 2026,True,13:30,14:15,Mr Huw Dimond,0014J00000Fz9YpQAJ,Male,a0O2000000AeJHTEA3,a0WPz00000MpjVyMAJ
cheltenham,Tuesday 13 October 2026,True,14:15,15:00,Mr Huw Dimond,0014J00000Fz9YpQAJ,Male,a0O2000000AeJHTEA3,a0WPz00000MpjVyMAJ
cheltenham,Tuesday 13 October 2026,True,17:00,17:45,Mr Huw Dimond,0014J00000Fz9YpQAJ,Male,a0O2000000AeJHTEA3,a0WPz00000MpjVyMAJ
cheltenham,Tuesday 13 October 2026,True,13:00,13:45,Miss Sarah Shephard,0014J00000Gt5LjQAJ,Female,a0O2000000AeJHTEA3,a0WPz00000WPJNAMA5
cheltenham,Tuesday 13 October 2026,True,13:45,14:30,Miss Sarah Shephard,0014J00000Gt5LjQAJ,Female,a0O2000000AeJHTEA3,a0WPz00000WPJNAMA5
cheltenham,Tuesday 13 October 2026,True,17:00,17:45,Miss Sarah Shephard,0014J00000Gt5LjQAJ,Female,a0O2000000AeJHTEA3,a0WPz00000WPJNAMA5
cheltenham,Tuesday 13 October 2026,True,17:45,18:30,Miss Sarah Shephard,0014J00000Gt5LjQAJ,Female,a0O2000000AeJHTEA3,a0WPz00000WPJNAMA5
chichester,Wednesday 30 September 2026,True,16:30,17:15,Mr James Silk,001Pz00000hCzBrIAK,Male,a0O2000000AeJCNEA3,a0WPz00000VzzhVMAR
chichester,Thursday 1 October 2026,True,10:00,10:45,Mr James Silk,001Pz00000hCzBrIAK,Male,a0O2000000AeJCNEA3,a0WPz00000VzzhYMAR
chichester,Monday 5 October 2026,True,15:15,16:00,Mr James Silk,001Pz00000hCzBrIAK,Male,a0O2000000AeJCNEA3,a0WPz00000R8PDPMA3
chichester,Monday 5 October 2026,True,16:00,16:45,Mr James Silk,001Pz00000hCzBrIAK,Male,a0O2000000AeJCNEA3,a0WPz00000R8PDPMA3
chichester,Tuesday 6 October 2026,True,09:30,10:15,Miss Neha Apte,001Pz00000B342aIAB,Female,a0O2000000AeJCNEA3,a0WTw000003lzeEMAQ
chichester,Tuesday 6 October 2026,True,10:15,11:00,Miss Neha Apte,001Pz00000B342aIAB,Female,a0O2000000AeJCNEA3,a0WTw000003lzeEMAQ
chichester,Tuesday 6 October 2026,True,15:30,16:15,Mr Chris Lelliott,0014J00000I6f6QQAR,Male,a0O2000000AeJCNEA3,a0WTw000003hnADMAY
chichester,Tuesday 6 October 2026,True,16:15,17:00,Mr Chris Lelliott,0014J00000I6f6QQAR,Male,a0O2000000AeJCNEA3,a0WTw000003hnADMAY
chichester,Wednesday 7 October 2026,True,08:30,09:15,Mr James Silk,001Pz00000hCzBrIAK,Male,a0O2000000AeJCNEA3,a0WPz00000VyFP4MAN
chichester,Wednesday 7 October 2026,True,09:15,10:00,Mr James Silk,001Pz00000hCzBrIAK,Male,a0O2000000AeJCNEA3,a0WPz00000VyFP4MAN
chichester,Wednesday 7 October 2026,True,14:15,15:00,Mr James Silk,001Pz00000hCzBrIAK,Male,a0O2000000AeJCNEA3,a0WPz00000VzzhWMAR
chichester,Wednesday 7 October 2026,True,15:30,16:15,Mr James Silk,001Pz00000hCzBrIAK,Male,a0O2000000AeJCNEA3,a0WPz00000VzzhWMAR
chichester,Wednesday 7 October 2026,True,16:15,17:00,Mr James Silk,001Pz00000hCzBrIAK,Male,a0O2000000AeJCNEA3,a0WPz00000VzzhWMAR
chichester,Wednesday 7 October 2026,True,16:15,17:00,Mr Chris Lelliott,0014J00000I6f6QQAR,Male,a0O2000000AeJCNEA3,a0WTw000003hnAFMAY
chichester,Thursday 8 October 2026,True,11:30,12:15,Mr James Silk,001Pz00000hCzBrIAK,Male,a0O2000000AeJCNEA3,a0WPz00000VzzhZMAR
chichester,Thursday 8 October 2026,True,15:00,15:45,Mr James Silk,001Pz00000hCzBrIAK,Male,a0O2000000AeJCNEA3,a0WPz00000VyaEzMAJ
chichester,Thursday 8 October 2026,True,15:45,16:30,Mr James Silk,001Pz00000hCzBrIAK,Male,a0O2000000AeJCNEA3,a0WPz00000VyaEzMAJ
chichester,Monday 12 October 2026,True,15:15,16:00,Mr James Silk,001Pz00000hCzBrIAK,Male,a0O2000000AeJCNEA3,a0WPz00000W00fCMAR
chichester,Tuesday 13 October 2026,True,08:30,09:15,Miss Neha Apte,001Pz00000B342aIAB,Female,a0O2000000AeJCNEA3,a0WTw000003lzeFMAQ
chichester,Tuesday 13 October 2026,True,09:15,10:00,Miss Neha Apte,001Pz00000B342aIAB,Female,a0O2000000AeJCNEA3,a0WTw000003lzeFMAQ
chichester,Tuesday 13 October 2026,True,15:45,16:30,Mr Chris Lelliott,0014J00000I6f6QQAR,Male,a0O2000000AeJCNEA3,a0WTw000003p9qkMAA
chichester,Tuesday 13 October 2026,True,16:30,17:15,Mr Chris Lelliott,0014J00000I6f6QQAR,Male,a0O2000000AeJCNEA3,a0WTw000003p9qkMAA
chigwell,Monday 12 October 2026,True,13:30,14:15,Mr Tom Beadle,0014J00000mj1UiQAI,Male,a0Ow000000KKqUrEAL,a0WPz00000TevzqMAB
chingford,Thursday 1 October 2026,True,10:15,11:00,Mrs Emma Nicholls,0014J00000dkERvQAM,Female,a0Ow000000CH7gsEAD,a0WPz00000TkBsmMAF
chingford,Tuesday 6 October 2026,True,11:00,11:45,Mrs Emma Nicholls,0014J00000dkERvQAM,Female,a0Ow000000CH7gsEAD,a0WPz00000Tk4t3MAB
chingford,Tuesday 6 October 2026,True,11:45,12:30,Mrs Emma Nicholls,0014J00000dkERvQAM,Female,a0Ow000000CH7gsEAD,a0WPz00000Tk4t3MAB
chingford,Wednesday 7 October 2026,True,12:30,13:15,Mrs Emma Nicholls,0014J00000dkERvQAM,Female,a0Ow000000CH7gsEAD,a0WPz00000TkBsoMAF
chingford,Thursday 8 October 2026,True,12:30,13:15,Mrs Emma Nicholls,0014J00000dkERvQAM,Female,a0Ow000000CH7gsEAD,a0WPz00000TkBspMAF
chingford,Friday 9 October 2026,True,13:00,13:45,Mrs Emma Nicholls,0014J00000dkERvQAM,Female,a0Ow000000CH7gsEAD,a0WPz00000TkBsqMAF
chingford,Tuesday 13 October 2026,True,10:30,11:15,Mrs Emma Nicholls,0014J00000dkERvQAM,Female,a0Ow000000CH7gsEAD,a0WPz00000Tk4t4MAB
chingford,Tuesday 13 October 2026,True,13:30,14:15,Mrs Emma Nicholls,0014J00000dkERvQAM,Female,a0Ow000000CH7gsEAD,a0WPz00000Tk4tAMAR
chingford,Tuesday 13 October 2026,True,14:15,15:00,Mrs Emma Nicholls,0014J00000dkERvQAM,Female,a0Ow000000CH7gsEAD,a0WPz00000Tk4tAMAR
chingford,Tuesday 13 October 2026,True,15:00,15:45,Mrs Emma Nicholls,0014J00000dkERvQAM,Female,a0Ow000000CH7gsEAD,a0WPz00000Tk4tAMAR
cottingley,Wednesday 7 October 2026,True,08:30,09:15,Mr Sam Butterfield,0014J00000bfq4GQAQ,Male,a0O2000000AeJH7EAN,a0WPz00000VHMgdMAH
cottingley,Wednesday 7 October 2026,True,15:00,15:45,Mr Sam Butterfield,0014J00000bfq4GQAQ,Male,a0O2000000AeJH7EAN,a0WPz00000VHMgjMAH
covent-garden,Friday 2 October 2026,True,09:15,10:00,Mr Lewis Johnson,001w000001cdPl9AAE,Male,a0O2000000AeJChEAN,a0WPz00000SiPn2MAF
covent-garden,Monday 5 October 2026,True,13:30,14:15,Mr Chris Williams,0012X00001qXVOWQA4,Male,a0O2000000AeJChEAN,a0WPz00000VdKt1MAF
covent-garden,Monday 5 October 2026,True,14:15,15:00,Mr Chris Williams,0012X00001qXVOWQA4,Male,a0O2000000AeJChEAN,a0WPz00000VdKt1MAF
covent-garden,Tuesday 6 October 2026,True,11:00,11:45,Mr Chris Williams,0012X00001qXVOWQA4,Male,a0O2000000AeJChEAN,a0WPz00000VdKrVMAV
covent-garden,Tuesday 6 October 2026,True,11:45,12:30,Mr Chris Williams,0012X00001qXVOWQA4,Male,a0O2000000AeJChEAN,a0WPz00000VdKrVMAV
covent-garden,Tuesday 6 October 2026,True,13:30,14:15,Mr Chris Williams,0012X00001qXVOWQA4,Male,a0O2000000AeJChEAN,a0WPz00000VdKsHMAV
covent-garden,Wednesday 7 October 2026,True,09:30,10:15,Mr Chris Williams,0012X00001qXVOWQA4,Male,a0O2000000AeJChEAN,a0WPz00000VdrhPMAR
covent-garden,Wednesday 7 October 2026,True,10:15,11:00,Mr Chris Williams,0012X00001qXVOWQA4,Male,a0O2000000AeJChEAN,a0WPz00000VdrhPMAR
covent-garden,Wednesday 7 October 2026,True,11:00,11:45,Mr Chris Williams,0012X00001qXVOWQA4,Male,a0O2000000AeJChEAN,a0WPz00000VdrhPMAR
covent-garden,Wednesday 7 October 2026,True,14:00,14:45,Mr Chris Williams,0012X00001qXVOWQA4,Male,a0O2000000AeJChEAN,a0WPz00000VdrhfMAB
covent-garden,Wednesday 7 October 2026,True,14:45,15:30,Mr Chris Williams,0012X00001qXVOWQA4,Male,a0O2000000AeJChEAN,a0WPz00000VdrhfMAB
covent-garden,Thursday 8 October 2026,True,09:00,09:45,Mr Chris Williams,0012X00001qXVOWQA4,Male,a0O2000000AeJChEAN,a0WPz00000VdKrWMAV
covent-garden,Thursday 8 October 2026,True,11:30,12:15,Mr Chris Williams,0012X00001qXVOWQA4,Male,a0O2000000AeJChEAN,a0WPz00000VdKrWMAV
covent-garden,Thursday 8 October 2026,True,13:30,14:15,Mr Chris Williams,0012X00001qXVOWQA4,Male,a0O2000000AeJChEAN,a0WPz00000VdKsIMAV
covent-garden,Thursday 8 October 2026,True,14:15,15:00,Mr Chris Williams,0012X00001qXVOWQA4,Male,a0O2000000AeJChEAN,a0WPz00000VdKsIMAV
covent-garden,Thursday 8 October 2026,True,15:00,15:45,Mr Chris Williams,0012X00001qXVOWQA4,Male,a0O2000000AeJChEAN,a0WPz00000VdKsIMAV
covent-garden,Friday 9 October 2026,True,11:00,11:45,Mr Lewis Johnson,001w000001cdPl9AAE,Male,a0O2000000AeJChEAN,a0WPz00000SiPn3MAF
covent-garden,Friday 9 October 2026,True,09:30,10:15,Mr Chris Williams,0012X00001qXVOWQA4,Male,a0O2000000AeJChEAN,a0WPz00000VdKrXMAV
covent-garden,Friday 9 October 2026,True,10:15,11:00,Mr Chris Williams,0012X00001qXVOWQA4,Male,a0O2000000AeJChEAN,a0WPz00000VdKrXMAV
covent-garden,Friday 9 October 2026,True,11:00,11:45,Mr Chris Williams,0012X00001qXVOWQA4,Male,a0O2000000AeJChEAN,a0WPz00000VdKrXMAV
covent-garden,Friday 9 October 2026,True,11:45,12:30,Mr Chris Williams,0012X00001qXVOWQA4,Male,a0O2000000AeJChEAN,a0WPz00000VdKrXMAV
covent-garden,Friday 9 October 2026,True,13:30,14:15,Mr Chris Williams,0012X00001qXVOWQA4,Male,a0O2000000AeJChEAN,a0WPz00000VdKsJMAV
covent-garden,Friday 9 October 2026,True,14:15,15:00,Mr Chris Williams,0012X00001qXVOWQA4,Male,a0O2000000AeJChEAN,a0WPz00000VdKsJMAV
covent-garden,Friday 9 October 2026,True,15:00,15:45,Mr Chris Williams,0012X00001qXVOWQA4,Male,a0O2000000AeJChEAN,a0WPz00000VdKsJMAV
covent-garden,Friday 9 October 2026,True,15:45,16:30,Mr Chris Williams,0012X00001qXVOWQA4,Male,a0O2000000AeJChEAN,a0WPz00000VdKsJMAV
covent-garden,Friday 9 October 2026,True,15:00,15:45,Mr Lewis Johnson,001w000001cdPl9AAE,Male,a0O2000000AeJChEAN,a0WPz00000SiPnHMAV
covent-garden,Monday 12 October 2026,True,13:30,14:15,Mr Chris Williams,0012X00001qXVOWQA4,Male,a0O2000000AeJChEAN,a0WPz00000VdKt2MAF
covent-garden,Monday 12 October 2026,True,14:15,15:00,Mr Chris Williams,0012X00001qXVOWQA4,Male,a0O2000000AeJChEAN,a0WPz00000VdKt2MAF
covent-garden,Monday 12 October 2026,True,16:00,16:45,Mr Chris Williams,0012X00001qXVOWQA4,Male,a0O2000000AeJChEAN,a0WPz00000VdrhAMAR
covent-garden,Monday 12 October 2026,True,16:45,17:30,Mr Chris Williams,0012X00001qXVOWQA4,Male,a0O2000000AeJChEAN,a0WPz00000VdrhAMAR
covent-garden,Monday 12 October 2026,True,17:30,18:15,Mr Chris Williams,0012X00001qXVOWQA4,Male,a0O2000000AeJChEAN,a0WPz00000VdrhAMAR
covent-garden,Monday 12 October 2026,True,18:15,19:00,Mr Chris Williams,0012X00001qXVOWQA4,Male,a0O2000000AeJChEAN,a0WPz00000VdrhAMAR
covent-garden,Tuesday 13 October 2026,True,09:00,09:45,Mr Chris Williams,0012X00001qXVOWQA4,Male,a0O2000000AeJChEAN,a0WPz00000VdKrYMAV
covent-garden,Tuesday 13 October 2026,True,09:45,10:30,Mr Chris Williams,0012X00001qXVOWQA4,Male,a0O2000000AeJChEAN,a0WPz00000VdKrYMAV
covent-garden,Tuesday 13 October 2026,True,10:30,11:15,Mr Chris Williams,0012X00001qXVOWQA4,Male,a0O2000000AeJChEAN,a0WPz00000VdKrYMAV
covent-garden,Tuesday 13 October 2026,True,11:15,12:00,Mr Chris Williams,0012X00001qXVOWQA4,Male,a0O2000000AeJChEAN,a0WPz00000VdKrYMAV
covent-garden,Tuesday 13 October 2026,True,14:00,14:45,Mr Chris Williams,0012X00001qXVOWQA4,Male,a0O2000000AeJChEAN,a0WPz00000VdKsKMAV
covent-garden,Tuesday 13 October 2026,True,14:45,15:30,Mr Chris Williams,0012X00001qXVOWQA4,Male,a0O2000000AeJChEAN,a0WPz00000VdKsKMAV
covent-garden,Tuesday 13 October 2026,True,15:30,16:15,Mr Chris Williams,0012X00001qXVOWQA4,Male,a0O2000000AeJChEAN,a0WPz00000VdKsKMAV
crawley,Thursday 1 October 2026,True,09:00,09:45,Mrs Karina Hall,0014J00000j3usGQAQ,Female,a0O2000000AeJCnEAN,a0WPz00000XHxZDMA1
crawley,Thursday 1 October 2026,True,09:45,10:30,Mrs Karina Hall,0014J00000j3usGQAQ,Female,a0O2000000AeJCnEAN,a0WPz00000XHxZDMA1
crawley,Thursday 1 October 2026,True,11:30,12:15,Mrs Karina Hall,0014J00000j3usGQAQ,Female,a0O2000000AeJCnEAN,a0WPz00000XHxZDMA1
crawley,Thursday 1 October 2026,True,12:15,13:00,Mrs Karina Hall,0014J00000j3usGQAQ,Female,a0O2000000AeJCnEAN,a0WPz00000XHxZDMA1
crawley,Thursday 1 October 2026,True,11:30,12:15,Mrs Rasheela Fareed,001Pz000007MY77IAG,Female,a0O2000000AeJCnEAN,a0WPz00000VMU0oMAH
crawley,Thursday 1 October 2026,True,12:15,13:00,Mrs Rasheela Fareed,001Pz000007MY77IAG,Female,a0O2000000AeJCnEAN,a0WPz00000VMU0oMAH
crawley,Thursday 1 October 2026,True,13:00,13:45,Mrs Rasheela Fareed,001Pz000007MY77IAG,Female,a0O2000000AeJCnEAN,a0WPz00000VMU0oMAH
crawley,Friday 2 October 2026,True,09:30,10:15,Mrs Rasheela Fareed,001Pz000007MY77IAG,Female,a0O2000000AeJCnEAN,a0WPz00000VMU0pMAH
crawley,Friday 2 October 2026,True,10:15,11:00,Mrs Rasheela Fareed,001Pz000007MY77IAG,Female,a0O2000000AeJCnEAN,a0WPz00000VMU0pMAH
crawley,Friday 2 October 2026,True,11:00,11:45,Mrs Rasheela Fareed,001Pz000007MY77IAG,Female,a0O2000000AeJCnEAN,a0WPz00000VMU0pMAH
crawley,Friday 2 October 2026,True,11:45,12:30,Mrs Rasheela Fareed,001Pz000007MY77IAG,Female,a0O2000000AeJCnEAN,a0WPz00000VMU0pMAH
crawley,Monday 5 October 2026,True,08:45,09:30,Mrs Rasheela Fareed,001Pz000007MY77IAG,Female,a0O2000000AeJCnEAN,a0WPz00000VLwwcMAD
crawley,Monday 5 October 2026,True,09:30,10:15,Mrs Rasheela Fareed,001Pz000007MY77IAG,Female,a0O2000000AeJCnEAN,a0WPz00000VLwwcMAD
crawley,Monday 5 October 2026,True,10:15,11:00,Mrs Rasheela Fareed,001Pz000007MY77IAG,Female,a0O2000000AeJCnEAN,a0WPz00000VLwwcMAD
crawley,Monday 5 October 2026,True,11:00,11:45,Mrs Rasheela Fareed,001Pz000007MY77IAG,Female,a0O2000000AeJCnEAN,a0WPz00000VLwwcMAD
crawley,Tuesday 6 October 2026,True,09:00,09:45,Mrs Karina Hall,0014J00000j3usGQAQ,Female,a0O2000000AeJCnEAN,a0WPz00000XHxYeMAL
crawley,Tuesday 6 October 2026,True,10:30,11:15,Mrs Karina Hall,0014J00000j3usGQAQ,Female,a0O2000000AeJCnEAN,a0WPz00000XHxYeMAL
crawley,Tuesday 6 October 2026,True,11:15,12:00,Mrs Karina Hall,0014J00000j3usGQAQ,Female,a0O2000000AeJCnEAN,a0WPz00000XHxYeMAL
crawley,Tuesday 6 October 2026,True,13:30,14:15,Mrs Karina Hall,0014J00000j3usGQAQ,Female,a0O2000000AeJCnEAN,a0WPz00000XHxZ2MAL
crawley,Tuesday 6 October 2026,True,14:45,15:30,Mrs Karina Hall,0014J00000j3usGQAQ,Female,a0O2000000AeJCnEAN,a0WPz00000XHxZ2MAL
crawley,Wednesday 7 October 2026,True,10:30,11:15,Mrs Karina Hall,0014J00000j3usGQAQ,Female,a0O2000000AeJCnEAN,a0WPz00000XHxYfMAL
crawley,Wednesday 7 October 2026,True,11:15,12:00,Mrs Karina Hall,0014J00000j3usGQAQ,Female,a0O2000000AeJCnEAN,a0WPz00000XHxYfMAL
crawley,Thursday 8 October 2026,True,09:00,09:45,Mrs Karina Hall,0014J00000j3usGQAQ,Female,a0O2000000AeJCnEAN,a0WPz00000XHxZEMA1
crawley,Thursday 8 October 2026,True,09:45,10:30,Mrs Karina Hall,0014J00000j3usGQAQ,Female,a0O2000000AeJCnEAN,a0WPz00000XHxZEMA1
crawley,Thursday 8 October 2026,True,10:30,11:15,Mrs Karina Hall,0014J00000j3usGQAQ,Female,a0O2000000AeJCnEAN,a0WPz00000XHxZEMA1
crawley,Thursday 8 October 2026,True,11:15,12:00,Mrs Karina Hall,0014J00000j3usGQAQ,Female,a0O2000000AeJCnEAN,a0WPz00000XHxZEMA1
crawley,Thursday 8 October 2026,True,12:45,13:30,Mrs Karina Hall,0014J00000j3usGQAQ,Female,a0O2000000AeJCnEAN,a0WPz00000XHxZEMA1
crawley,Thursday 8 October 2026,True,11:30,12:15,Mrs Rasheela Fareed,001Pz000007MY77IAG,Female,a0O2000000AeJCnEAN,a0WPz00000VMU0qMAH
crawley,Thursday 8 October 2026,True,12:15,13:00,Mrs Rasheela Fareed,001Pz000007MY77IAG,Female,a0O2000000AeJCnEAN,a0WPz00000VMU0qMAH
crawley,Thursday 8 October 2026,True,13:00,13:45,Mrs Rasheela Fareed,001Pz000007MY77IAG,Female,a0O2000000AeJCnEAN,a0WPz00000VMU0qMAH
crawley,Thursday 8 October 2026,True,17:30,18:15,Mrs Karina Hall,0014J00000j3usGQAQ,Female,a0O2000000AeJCnEAN,a0WPz00000XHxZQMA1
crawley,Thursday 8 October 2026,True,18:15,19:00,Mrs Karina Hall,0014J00000j3usGQAQ,Female,a0O2000000AeJCnEAN,a0WPz00000XHxZQMA1
crawley,Friday 9 October 2026,True,09:30,10:15,Mrs Rasheela Fareed,001Pz000007MY77IAG,Female,a0O2000000AeJCnEAN,a0WPz00000VMU0rMAH
crawley,Friday 9 October 2026,True,10:15,11:00,Mrs Rasheela Fareed,001Pz000007MY77IAG,Female,a0O2000000AeJCnEAN,a0WPz00000VMU0rMAH
crawley,Friday 9 October 2026,True,11:00,11:45,Mrs Rasheela Fareed,001Pz000007MY77IAG,Female,a0O2000000AeJCnEAN,a0WPz00000VMU0rMAH
crawley,Friday 9 October 2026,True,11:45,12:30,Mrs Rasheela Fareed,001Pz000007MY77IAG,Female,a0O2000000AeJCnEAN,a0WPz00000VMU0rMAH
crawley,Sunday 11 October 2026,True,08:00,08:45,Mrs Karina Hall,0014J00000j3usGQAQ,Female,a0O2000000AeJCnEAN,a0WPz00000XHxZeMAL
crawley,Sunday 11 October 2026,True,08:45,09:30,Mrs Karina Hall,0014J00000j3usGQAQ,Female,a0O2000000AeJCnEAN,a0WPz00000XHxZeMAL
crawley,Sunday 11 October 2026,True,09:30,10:15,Mrs Karina Hall,0014J00000j3usGQAQ,Female,a0O2000000AeJCnEAN,a0WPz00000XHxZeMAL
crawley,Sunday 11 October 2026,True,11:30,12:15,Mrs Karina Hall,0014J00000j3usGQAQ,Female,a0O2000000AeJCnEAN,a0WPz00000XHxZeMAL
crawley,Monday 12 October 2026,True,08:30,09:15,Mrs Rasheela Fareed,001Pz000007MY77IAG,Female,a0O2000000AeJCnEAN,a0WPz00000VLwwdMAD
crawley,Monday 12 October 2026,True,09:15,10:00,Mrs Rasheela Fareed,001Pz000007MY77IAG,Female,a0O2000000AeJCnEAN,a0WPz00000VLwwdMAD
crawley,Monday 12 October 2026,True,11:00,11:45,Mrs Rasheela Fareed,001Pz000007MY77IAG,Female,a0O2000000AeJCnEAN,a0WPz00000VLwwdMAD
crawley,Tuesday 13 October 2026,True,09:00,09:45,Mrs Karina Hall,0014J00000j3usGQAQ,Female,a0O2000000AeJCnEAN,a0WPz00000XHxYgMAL
crawley,Tuesday 13 October 2026,True,10:45,11:30,Mrs Karina Hall,0014J00000j3usGQAQ,Female,a0O2000000AeJCnEAN,a0WPz00000XHxYgMAL
crawley,Tuesday 13 October 2026,True,11:30,12:15,Mrs Karina Hall,0014J00000j3usGQAQ,Female,a0O2000000AeJCnEAN,a0WPz00000XHxYgMAL
crawley,Tuesday 13 October 2026,True,16:00,16:45,Mrs Karina Hall,0014J00000j3usGQAQ,Female,a0O2000000AeJCnEAN,a0WPz00000XHxZ3MAL
crawley,Tuesday 13 October 2026,True,16:45,17:30,Mrs Karina Hall,0014J00000j3usGQAQ,Female,a0O2000000AeJCnEAN,a0WPz00000XHxZ3MAL
croydon-central,Thursday 1 October 2026,True,08:30,09:15,Ms Lucy Redmond,0012X00001ordv2QAA,Female,a0Ow000000KKrHlEAL,a0WPz00000TjtW3MAJ
croydon-central,Thursday 1 October 2026,True,09:15,10:00,Ms Lucy Redmond,0012X00001ordv2QAA,Female,a0Ow000000KKrHlEAL,a0WPz00000TjtW3MAJ
croydon-central,Tuesday 6 October 2026,True,09:00,09:45,Ms Lucy Redmond,0012X00001ordv2QAA,Female,a0Ow000000KKrHlEAL,a0WPz00000TjtW4MAJ
croydon-central,Tuesday 6 October 2026,True,09:45,10:30,Ms Lucy Redmond,0012X00001ordv2QAA,Female,a0Ow000000KKrHlEAL,a0WPz00000TjtW4MAJ
croydon-central,Tuesday 6 October 2026,True,10:30,11:15,Ms Lucy Redmond,0012X00001ordv2QAA,Female,a0Ow000000KKrHlEAL,a0WPz00000TjtW4MAJ
croydon-central,Tuesday 6 October 2026,True,11:15,12:00,Ms Lucy Redmond,0012X00001ordv2QAA,Female,a0Ow000000KKrHlEAL,a0WPz00000TjtW4MAJ
croydon-central,Tuesday 6 October 2026,True,13:30,14:15,Ms Lucy Redmond,0012X00001ordv2QAA,Female,a0Ow000000KKrHlEAL,a0WPz00000TjtWGMAZ
croydon-central,Thursday 8 October 2026,True,11:00,11:45,Ms Lucy Redmond,0012X00001ordv2QAA,Female,a0Ow000000KKrHlEAL,a0WPz00000TjtW5MAJ
cwmbran,Wednesday 30 September 2026,True,17:30,18:15,Mr Sam Harrison,001Pz000012UbIOIA0,Male,a0Ow000000KKrHmEAL,a0WPz00000WaV7yMAF
cwmbran,Wednesday 7 October 2026,True,13:15,14:00,Mr Sam Harrison,001Pz000012UbIOIA0,Male,a0Ow000000KKrHmEAL,a0WPz00000WaV7mMAF
cwmbran,Wednesday 7 October 2026,True,14:00,14:45,Mr Sam Harrison,001Pz000012UbIOIA0,Male,a0Ow000000KKrHmEAL,a0WPz00000WaV7mMAF
derby-gym,Friday 2 October 2026,True,07:30,08:15,Mr Arjun Tarun,001Pz00000WpHvrIAF,Male,a0Ow000000KKrHZEA1,a0WPz00000JXOMmMAP
derby-gym,Tuesday 6 October 2026,True,11:30,12:15,Mr Steven Tjon Soei Len,00120000010rxMHAAY,Male,a0Ow000000KKrHZEA1,a0WPz00000Ji1SoMAJ
derby-gym,Wednesday 7 October 2026,True,08:30,09:15,Mr Steven Tjon Soei Len,00120000010rxMHAAY,Male,a0Ow000000KKrHZEA1,a0WPz00000JXf8XMAT
derby-gym,Wednesday 7 October 2026,True,12:30,13:15,Mr Steven Tjon Soei Len,00120000010rxMHAAY,Male,a0Ow000000KKrHZEA1,a0WPz00000JXf9OMAT
derby-gym,Wednesday 7 October 2026,True,13:15,14:00,Mr Steven Tjon Soei Len,00120000010rxMHAAY,Male,a0Ow000000KKrHZEA1,a0WPz00000JXf9OMAT
derby-gym,Wednesday 7 October 2026,True,13:00,13:45,Mr Arjun Tarun,001Pz00000WpHvrIAF,Male,a0Ow000000KKrHZEA1,a0WPz00000XMoZqMAL
derby-gym,Friday 9 October 2026,True,13:45,14:30,Mr Richard Baines,00120000010rxT9AAI,Male,a0Ow000000KKrHZEA1,a0WPz00000JnKkmMAF
derby-gym,Monday 12 October 2026,True,15:30,16:15,Mr Richard Baines,00120000010rxT9AAI,Male,a0Ow000000KKrHZEA1,a0WPz00000JnEpUMAV
derby-gym,Tuesday 13 October 2026,True,09:00,09:45,Mr Richard Baines,00120000010rxT9AAI,Male,a0Ow000000KKrHZEA1,a0WPz00000JnIk1MAF
derby-gym,Tuesday 13 October 2026,True,10:00,10:45,Mr Steven Tjon Soei Len,00120000010rxMHAAY,Male,a0Ow000000KKrHZEA1,a0WPz00000Ji1SpMAJ
derby-gym,Tuesday 13 October 2026,True,13:30,14:15,Mr Richard Baines,00120000010rxT9AAI,Male,a0Ow000000KKrHZEA1,a0WPz00000JnJoYMAV
derby-gym,Tuesday 13 October 2026,True,14:15,15:00,Mr Richard Baines,00120000010rxT9AAI,Male,a0Ow000000KKrHZEA1,a0WPz00000JnJoYMAV
derby,Monday 5 October 2026,True,09:00,09:45,Mr Steven Tjon Soei Len,00120000010rxMHAAY,Male,a0O2000000AeJHVEA3,a0WPz00000Ji0WhMAJ
derby,Monday 5 October 2026,True,15:00,15:45,Mr Arjun Tarun,001Pz00000WpHvrIAF,Male,a0O2000000AeJHVEA3,a0WPz00000JXMI4MAP
derby,Thursday 8 October 2026,True,09:00,09:45,Mr Steven Tjon Soei Len,00120000010rxMHAAY,Male,a0O2000000AeJHVEA3,a0WPz00000JhyEjMAJ
derby,Thursday 8 October 2026,True,13:45,14:30,Mr Steven Tjon Soei Len,00120000010rxMHAAY,Male,a0O2000000AeJHVEA3,a0WPz00000JhyFZMAZ
derby,Thursday 8 October 2026,True,14:30,15:15,Mr Steven Tjon Soei Len,00120000010rxMHAAY,Male,a0O2000000AeJHVEA3,a0WPz00000JhyFZMAZ
derby,Thursday 8 October 2026,True,13:00,13:45,Mr Arjun Tarun,001Pz00000WpHvrIAF,Male,a0O2000000AeJHVEA3,a0WPz00000XDgT6MAL
derby,Thursday 8 October 2026,True,16:00,16:45,Mr Arjun Tarun,001Pz00000WpHvrIAF,Male,a0O2000000AeJHVEA3,a0WPz00000XDgT6MAL
derby,Thursday 8 October 2026,True,16:45,17:30,Mr Arjun Tarun,001Pz00000WpHvrIAF,Male,a0O2000000AeJHVEA3,a0WPz00000XDgT6MAL
derby,Thursday 8 October 2026,True,17:30,18:15,Mr Arjun Tarun,001Pz00000WpHvrIAF,Male,a0O2000000AeJHVEA3,a0WPz00000XDgT6MAL
derby,Monday 12 October 2026,True,15:15,16:00,Mr Steven Tjon Soei Len,00120000010rxMHAAY,Male,a0O2000000AeJHVEA3,a0WPz00000Jhm84MAB
didsbury,Wednesday 7 October 2026,True,10:45,11:30,Ms Alison Bugg,001w000001bd0BLAAY,Female,a0Ow000000KKrHfEAL,a0WPz00000TOyNQMA1
didsbury,Wednesday 7 October 2026,True,14:30,15:15,Ms Alison Bugg,001w000001bd0BLAAY,Female,a0Ow000000KKrHfEAL,a0WPz00000TOyNYMA1
didsbury,Wednesday 7 October 2026,True,15:15,16:00,Ms Alison Bugg,001w000001bd0BLAAY,Female,a0Ow000000KKrHfEAL,a0WPz00000TOyNYMA1
didsbury,Thursday 8 October 2026,True,14:00,14:45,Ms Alison Bugg,001w000001bd0BLAAY,Female,a0Ow000000KKrHfEAL,a0WPz00000TP16mMAD
didsbury,Friday 9 October 2026,True,13:00,13:45,Mr Michael Eachus,001Pz00000zGcBIIA0,Male,a0Ow000000KKrHfEAL,a0WPz00000VNFODMA5
didsbury,Friday 9 October 2026,True,13:45,14:30,Mr Michael Eachus,001Pz00000zGcBIIA0,Male,a0Ow000000KKrHfEAL,a0WPz00000VNFODMA5
didsbury,Tuesday 13 October 2026,True,13:30,14:15,Mr Michael Eachus,001Pz00000zGcBIIA0,Male,a0Ow000000KKrHfEAL,a0WPz00000VNEaCMAX
didsbury,Tuesday 13 October 2026,True,14:15,15:00,Mr Michael Eachus,001Pz00000zGcBIIA0,Male,a0Ow000000KKrHfEAL,a0WPz00000VNEaCMAX
didsbury,Tuesday 13 October 2026,True,15:00,15:45,Mr Michael Eachus,001Pz00000zGcBIIA0,Male,a0Ow000000KKrHfEAL,a0WPz00000VNEaCMAX
ealing,Thursday 1 October 2026,True,08:30,09:15,Mr Panagiotis Michaleas,0014J00000I8VPYQA3,Male,a0Ow000000KKqUyEAL,a0WPz00000VHHjYMAX
edinburgh,Wednesday 30 September 2026,True,17:00,17:45,Mr Kern Tynan,001Tw00000wBdkdIAC,Male,a0O2000000AfgGkEAJ,a0WTw000003opxXMAQ
edinburgh,Wednesday 30 September 2026,True,18:00,18:45,Mr Kern Tynan,001Tw00000wBdkdIAC,Male,a0O2000000AfgGkEAJ,a0WTw000003opxXMAQ
edinburgh,Wednesday 30 September 2026,True,18:45,19:30,Mr Kern Tynan,001Tw00000wBdkdIAC,Male,a0O2000000AfgGkEAJ,a0WTw000003opxXMAQ
edinburgh,Friday 2 October 2026,True,09:45,10:30,Mr Kern Tynan,001Tw00000wBdkdIAC,Male,a0O2000000AfgGkEAJ,a0WTw000003opxlMAA
edinburgh,Friday 2 October 2026,True,13:45,14:30,Mr Kern Tynan,001Tw00000wBdkdIAC,Male,a0O2000000AfgGkEAJ,a0WTw000003opxzMAA
edinburgh,Friday 2 October 2026,True,14:45,15:30,Mr Kern Tynan,001Tw00000wBdkdIAC,Male,a0O2000000AfgGkEAJ,a0WTw000003opxzMAA
edinburgh,Friday 2 October 2026,True,15:30,16:15,Mr Kern Tynan,001Tw00000wBdkdIAC,Male,a0O2000000AfgGkEAJ,a0WTw000003opxzMAA
edinburgh,Wednesday 7 October 2026,True,13:45,14:30,Mr Kern Tynan,001Tw00000wBdkdIAC,Male,a0O2000000AfgGkEAJ,a0WTw000003opxKMAQ
edinburgh,Wednesday 7 October 2026,True,16:00,16:45,Mr Kern Tynan,001Tw00000wBdkdIAC,Male,a0O2000000AfgGkEAJ,a0WTw000003opxYMAQ
edinburgh,Wednesday 7 October 2026,True,16:45,17:30,Mr Kern Tynan,001Tw00000wBdkdIAC,Male,a0O2000000AfgGkEAJ,a0WTw000003opxYMAQ
edinburgh,Wednesday 7 October 2026,True,17:45,18:30,Mr Kern Tynan,001Tw00000wBdkdIAC,Male,a0O2000000AfgGkEAJ,a0WTw000003opxYMAQ
edinburgh,Wednesday 7 October 2026,True,18:30,19:15,Mr Kern Tynan,001Tw00000wBdkdIAC,Male,a0O2000000AfgGkEAJ,a0WTw000003opxYMAQ
edinburgh,Friday 9 October 2026,True,09:00,09:45,Mr Kern Tynan,001Tw00000wBdkdIAC,Male,a0O2000000AfgGkEAJ,a0WTw000003opxmMAA
edinburgh,Friday 9 October 2026,True,10:45,11:30,Mr Kern Tynan,001Tw00000wBdkdIAC,Male,a0O2000000AfgGkEAJ,a0WTw000003opxmMAA
edinburgh,Friday 9 October 2026,True,13:45,14:30,Mr Kern Tynan,001Tw00000wBdkdIAC,Male,a0O2000000AfgGkEAJ,a0WTw000003opy0MAA
edinburgh,Friday 9 October 2026,True,14:45,15:30,Mr Kern Tynan,001Tw00000wBdkdIAC,Male,a0O2000000AfgGkEAJ,a0WTw000003opy0MAA
edinburgh,Friday 9 October 2026,True,15:30,16:15,Mr Kern Tynan,001Tw00000wBdkdIAC,Male,a0O2000000AfgGkEAJ,a0WTw000003opy0MAA
edinburgh-omni,Tuesday 6 October 2026,True,10:15,11:00,Mr Alex (treats 10+) Howarth,0014J00000Ap6KsQAJ,Male,a0Ow000000KKm7VEAT,a0WPz00000RVAdJMAX
edinburgh-omni,Tuesday 6 October 2026,True,14:00,14:45,Mr Alex (treats 10+) Howarth,0014J00000Ap6KsQAJ,Male,a0Ow000000KKm7VEAT,a0WPz00000RVAdaMAH
edinburgh-omni,Wednesday 7 October 2026,True,10:30,11:15,Ms Alexandra (treats 18+) Bailey,001Pz00000llDOjIAM,Female,a0Ow000000KKm7VEAT,a0WPz00000SXICtMAP
edinburgh-omni,Wednesday 7 October 2026,True,11:15,12:00,Ms Alexandra (treats 18+) Bailey,001Pz00000llDOjIAM,Female,a0Ow000000KKm7VEAT,a0WPz00000SXICtMAP
edinburgh-omni,Wednesday 7 October 2026,True,14:00,14:45,Ms Alexandra (treats 18+) Bailey,001Pz00000llDOjIAM,Female,a0Ow000000KKm7VEAT,a0WPz00000SXIDNMA5
edinburgh-omni,Wednesday 7 October 2026,True,14:45,15:30,Ms Alexandra (treats 18+) Bailey,001Pz00000llDOjIAM,Female,a0Ow000000KKm7VEAT,a0WPz00000SXIDNMA5
edinburgh-omni,Friday 9 October 2026,True,11:00,11:45,Ms Alexandra (treats 18+) Bailey,001Pz00000llDOjIAM,Female,a0Ow000000KKm7VEAT,a0WPz00000SXICuMAP
edinburgh-omni,Friday 9 October 2026,True,14:00,14:45,Ms Alexandra (treats 18+) Bailey,001Pz00000llDOjIAM,Female,a0Ow000000KKm7VEAT,a0WPz00000SXIDhMAP
edinburgh-omni,Monday 12 October 2026,True,08:30,09:15,Ms Alexandra (treats 18+) Bailey,001Pz00000llDOjIAM,Female,a0Ow000000KKm7VEAT,a0WTw000003dwLnMAI
edinburgh-omni,Monday 12 October 2026,True,09:15,10:00,Ms Alexandra (treats 18+) Bailey,001Pz00000llDOjIAM,Female,a0Ow000000KKm7VEAT,a0WTw000003dwLnMAI
edinburgh-omni,Monday 12 October 2026,True,10:00,10:45,Ms Alexandra (treats 18+) Bailey,001Pz00000llDOjIAM,Female,a0Ow000000KKm7VEAT,a0WTw000003dwLnMAI
edinburgh-omni,Monday 12 October 2026,True,13:30,14:15,Ms Alexandra (treats 18+) Bailey,001Pz00000llDOjIAM,Female,a0Ow000000KKm7VEAT,a0WTw000003dpnOMAQ
edinburgh-omni,Monday 12 October 2026,True,14:15,15:00,Ms Alexandra (treats 18+) Bailey,001Pz00000llDOjIAM,Female,a0Ow000000KKm7VEAT,a0WTw000003dpnOMAQ
edinburgh-omni,Monday 12 October 2026,True,18:30,19:15,Mr Jason Varty,001w000001YAc4HAAT,Male,a0Ow000000KKm7VEAT,a0WPz00000Vdn7QMAR
edinburgh-omni,Tuesday 13 October 2026,True,09:30,10:15,Mr Alex (treats 10+) Howarth,0014J00000Ap6KsQAJ,Male,a0Ow000000KKm7VEAT,a0WPz00000RVAdLMAX
edinburgh-omni,Tuesday 13 October 2026,True,10:15,11:00,Mr Alex (treats 10+) Howarth,0014J00000Ap6KsQAJ,Male,a0Ow000000KKm7VEAT,a0WPz00000RVAdLMAX
edinburgh-omni,Tuesday 13 October 2026,True,11:00,11:45,Mr Alex (treats 10+) Howarth,0014J00000Ap6KsQAJ,Male,a0Ow000000KKm7VEAT,a0WPz00000RVAdLMAX
edinburgh-omni,Tuesday 13 October 2026,True,14:00,14:45,Mr Alex (treats 10+) Howarth,0014J00000Ap6KsQAJ,Male,a0Ow000000KKm7VEAT,a0WPz00000RVAdbMAH
enfield,Friday 2 October 2026,True,08:30,09:15,Mrs Seral Ramadan,0014J00000lAsEyQAK,Female,a0Ow000000KKrHaEAL,a0WPz00000UUZFDMA5
enfield,Wednesday 7 October 2026,True,12:30,13:15,Mrs Seral Ramadan,0014J00000lAsEyQAK,Female,a0Ow000000KKrHaEAL,a0WPz00000UUZFRMA5
enfield,Wednesday 7 October 2026,True,13:15,14:00,Mrs Seral Ramadan,0014J00000lAsEyQAK,Female,a0Ow000000KKrHaEAL,a0WPz00000UUZFRMA5
enfield,Wednesday 7 October 2026,True,14:00,14:45,Mrs Seral Ramadan,0014J00000lAsEyQAK,Female,a0Ow000000KKrHaEAL,a0WPz00000UUZFRMA5
enfield,Friday 9 October 2026,True,10:00,10:45,Mrs Seral Ramadan,0014J00000lAsEyQAK,Female,a0Ow000000KKrHaEAL,a0WPz00000UUZFGMA5
enfield,Friday 9 October 2026,True,12:30,13:15,Mrs Seral Ramadan,0014J00000lAsEyQAK,Female,a0Ow000000KKrHaEAL,a0WPz00000UUZFSMA5
enfield,Friday 9 October 2026,True,13:15,14:00,Mrs Seral Ramadan,0014J00000lAsEyQAK,Female,a0Ow000000KKrHaEAL,a0WPz00000UUZFSMA5
enfield,Monday 12 October 2026,True,09:30,10:15,Mrs Seral Ramadan,0014J00000lAsEyQAK,Female,a0Ow000000KKrHaEAL,a0WPz00000UUZFHMA5
enfield,Monday 12 October 2026,True,10:15,11:00,Mrs Seral Ramadan,0014J00000lAsEyQAK,Female,a0Ow000000KKrHaEAL,a0WPz00000UUZFHMA5
enfield,Monday 12 October 2026,True,12:30,13:15,Mrs Seral Ramadan,0014J00000lAsEyQAK,Female,a0Ow000000KKrHaEAL,a0WPz00000UUZFTMA5
enfield,Monday 12 October 2026,True,13:15,14:00,Mrs Seral Ramadan,0014J00000lAsEyQAK,Female,a0Ow000000KKrHaEAL,a0WPz00000UUZFTMA5
enfield,Monday 12 October 2026,True,14:00,14:45,Mrs Seral Ramadan,0014J00000lAsEyQAK,Female,a0Ow000000KKrHaEAL,a0WPz00000UUZFTMA5
enfield,Monday 12 October 2026,True,14:45,15:30,Mrs Seral Ramadan,0014J00000lAsEyQAK,Female,a0Ow000000KKrHaEAL,a0WPz00000UUZFTMA5
farnborough,Tuesday 6 October 2026,True,11:00,11:45,Mrs Lisa Corbett-Webb,0012X00001vIdU1QAK,Female,a0Ow000000KKqUxEAL,a0WPz00000TywYZMAZ
farnborough,Tuesday 6 October 2026,True,11:45,12:30,Mrs Lisa Corbett-Webb,0012X00001vIdU1QAK,Female,a0Ow000000KKqUxEAL,a0WPz00000TywYZMAZ
farnborough,Tuesday 6 October 2026,True,13:00,13:45,Mrs Lisa Corbett-Webb,0012X00001vIdU1QAK,Female,a0Ow000000KKqUxEAL,a0WPz00000TywYZMAZ
farnborough,Wednesday 7 October 2026,True,09:30,10:15,Mrs Lisa Corbett-Webb,0012X00001vIdU1QAK,Female,a0Ow000000KKqUxEAL,a0WTw000003YiwEMAS
farnborough,Wednesday 7 October 2026,True,14:15,15:00,Mrs Lisa Corbett-Webb,0012X00001vIdU1QAK,Female,a0Ow000000KKqUxEAL,a0WTw000003YiwQMAS
farnborough,Tuesday 13 October 2026,True,10:30,11:15,Mrs Lisa Corbett-Webb,0012X00001vIdU1QAK,Female,a0Ow000000KKqUxEAL,a0WPz00000TywYaMAJ
farnborough,Tuesday 13 October 2026,True,11:15,12:00,Mrs Lisa Corbett-Webb,0012X00001vIdU1QAK,Female,a0Ow000000KKqUxEAL,a0WPz00000TywYaMAJ
farnborough,Tuesday 13 October 2026,True,12:30,13:15,Mrs Lisa Corbett-Webb,0012X00001vIdU1QAK,Female,a0Ow000000KKqUxEAL,a0WPz00000TywYaMAJ
farnham,Tuesday 6 October 2026,True,10:45,11:30,Mrs Helen Jermy,001Pz00000IkFTBIA3,Female,a0O2000000AeJDXEA3,a0WPz00000VMU1DMAX
glasgow,Thursday 1 October 2026,True,09:30,10:15,Miss Hannah Polden,001Tw00000wAYvEIAW,Female,a0O2000000AeJDpEAN,a0WTw000003lXryMAE
glasgow,Thursday 1 October 2026,True,11:30,12:15,Miss Hannah Polden,001Tw00000wAYvEIAW,Female,a0O2000000AeJDpEAN,a0WTw000003lXryMAE
glasgow,Thursday 1 October 2026,True,14:00,14:45,Miss Hannah Polden,001Tw00000wAYvEIAW,Female,a0O2000000AeJDpEAN,a0WTw000003lXrxMAE
glasgow,Thursday 1 October 2026,True,14:45,15:30,Miss Hannah Polden,001Tw00000wAYvEIAW,Female,a0O2000000AeJDpEAN,a0WTw000003lXrxMAE
glasgow,Tuesday 6 October 2026,True,10:15,11:00,Miss Hannah Polden,001Tw00000wAYvEIAW,Female,a0O2000000AeJDpEAN,a0WTw000003lXrjMAE
glasgow,Wednesday 7 October 2026,True,09:00,09:45,Mr Andrew Walker,00120000010rxLTAAY,Male,a0O2000000AeJDpEAN,a0WPz00000SbZxCMAV
glasgow,Wednesday 7 October 2026,True,09:45,10:30,Mr Andrew Walker,00120000010rxLTAAY,Male,a0O2000000AeJDpEAN,a0WPz00000SbZxCMAV
glasgow,Wednesday 7 October 2026,True,09:30,10:15,Miss Hannah Polden,001Tw00000wAYvEIAW,Female,a0O2000000AeJDpEAN,a0WTw000003lXroMAE
glasgow,Wednesday 7 October 2026,True,10:15,11:00,Miss Hannah Polden,001Tw00000wAYvEIAW,Female,a0O2000000AeJDpEAN,a0WTw000003lXroMAE
glasgow,Wednesday 7 October 2026,True,11:30,12:15,Miss Hannah Polden,001Tw00000wAYvEIAW,Female,a0O2000000AeJDpEAN,a0WTw000003lXroMAE
glasgow,Wednesday 7 October 2026,True,13:30,14:15,Mr Andrew Walker,00120000010rxLTAAY,Male,a0O2000000AeJDpEAN,a0WPz00000SbZxSMAV
glasgow,Wednesday 7 October 2026,True,14:15,15:00,Mr Andrew Walker,00120000010rxLTAAY,Male,a0O2000000AeJDpEAN,a0WPz00000SbZxSMAV
glasgow,Wednesday 7 October 2026,True,14:00,14:45,Miss Hannah Polden,001Tw00000wAYvEIAW,Female,a0O2000000AeJDpEAN,a0WTw000003lXrqMAE
glasgow,Wednesday 7 October 2026,True,14:45,15:30,Miss Hannah Polden,001Tw00000wAYvEIAW,Female,a0O2000000AeJDpEAN,a0WTw000003lXrqMAE
glasgow,Wednesday 7 October 2026,True,16:00,16:45,Miss Hannah Polden,001Tw00000wAYvEIAW,Female,a0O2000000AeJDpEAN,a0WTw000003lXrqMAE
glasgow,Thursday 8 October 2026,True,09:30,10:15,Miss Hannah Polden,001Tw00000wAYvEIAW,Female,a0O2000000AeJDpEAN,a0WTw000003lXrtMAE
glasgow,Thursday 8 October 2026,True,10:15,11:00,Miss Hannah Polden,001Tw00000wAYvEIAW,Female,a0O2000000AeJDpEAN,a0WTw000003lXrtMAE
glasgow,Thursday 8 October 2026,True,11:30,12:15,Miss Hannah Polden,001Tw00000wAYvEIAW,Female,a0O2000000AeJDpEAN,a0WTw000003lXrtMAE
glasgow,Thursday 8 October 2026,True,14:00,14:45,Miss Hannah Polden,001Tw00000wAYvEIAW,Female,a0O2000000AeJDpEAN,a0WTw000003lXruMAE
glasgow,Thursday 8 October 2026,True,14:45,15:30,Miss Hannah Polden,001Tw00000wAYvEIAW,Female,a0O2000000AeJDpEAN,a0WTw000003lXruMAE
glasgow,Thursday 8 October 2026,True,16:00,16:45,Miss Hannah Polden,001Tw00000wAYvEIAW,Female,a0O2000000AeJDpEAN,a0WTw000003lXruMAE
glasgow,Monday 12 October 2026,True,10:30,11:15,Mr Chris Tung,0014J00000fERc2QAG,Male,a0O2000000AeJDpEAN,a0WPz00000UriJYMAZ
glasgow,Tuesday 13 October 2026,True,09:30,10:15,Miss Hannah Polden,001Tw00000wAYvEIAW,Female,a0O2000000AeJDpEAN,a0WTw000003mBCLMA2
glasgow,Tuesday 13 October 2026,True,10:15,11:00,Miss Hannah Polden,001Tw00000wAYvEIAW,Female,a0O2000000AeJDpEAN,a0WTw000003mBCLMA2
glasgow,Tuesday 13 October 2026,True,13:30,14:15,Miss Hannah Polden,001Tw00000wAYvEIAW,Female,a0O2000000AeJDpEAN,a0WTw000003mBCWMA2
glasgow,Tuesday 13 October 2026,True,15:00,15:45,Miss Hannah Polden,001Tw00000wAYvEIAW,Female,a0O2000000AeJDpEAN,a0WTw000003mBCWMA2
glasgow-hospital,Monday 12 October 2026,True,13:00,13:45,Miss Claire McGonigle,001Pz000014lkeBIAQ,Female,a0O2000000AeJHXEA3,a0WTw000003YeQDMA0
glasgow-hospital,Monday 12 October 2026,True,13:45,14:30,Miss Claire McGonigle,001Pz000014lkeBIAQ,Female,a0O2000000AeJHXEA3,a0WTw000003YeQDMA0
glasgow-hospital,Monday 12 October 2026,True,14:30,15:15,Miss Claire McGonigle,001Pz000014lkeBIAQ,Female,a0O2000000AeJHXEA3,a0WTw000003YeQDMA0
glasgow-hospital,Monday 12 October 2026,True,15:15,16:00,Miss Claire McGonigle,001Pz000014lkeBIAQ,Female,a0O2000000AeJHXEA3,a0WTw000003YeQDMA0
glasgow-hospital,Monday 12 October 2026,True,19:30,20:15,Mr Raghu Mudivarthy,00120000010v5HVAAY,Male,a0O2000000AeJHXEA3,a0WTw000003gTS5MAM
glasgow-hospital,Tuesday 13 October 2026,True,09:00,09:45,Mr Chris Tung,0014J00000fERc2QAG,Male,a0O2000000AeJHXEA3,a0WPz00000Ru5wXMAR
glasgow-hospital,Tuesday 13 October 2026,True,13:00,13:45,Mr Chris Tung,0014J00000fERc2QAG,Male,a0O2000000AeJHXEA3,a0WPz00000Ru5vTMAR
glasgow-hospital,Tuesday 13 October 2026,True,14:30,15:15,Mr Chris Tung,0014J00000fERc2QAG,Male,a0O2000000AeJHXEA3,a0WPz00000Ru5vTMAR
glasgow-hospital,Tuesday 13 October 2026,True,15:15,16:00,Mr Chris Tung,0014J00000fERc2QAG,Male,a0O2000000AeJHXEA3,a0WPz00000Ru5vTMAR
gloucester,Thursday 1 October 2026,True,08:00,08:45,Mr Huw Dimond,0014J00000Fz9YpQAJ,Male,a0Ow000000EqzH6EAJ,a0WPz00000Mq329MAB
gloucester,Thursday 1 October 2026,True,08:45,09:30,Mr Huw Dimond,0014J00000Fz9YpQAJ,Male,a0Ow000000EqzH6EAJ,a0WPz00000Mq329MAB
gloucester,Thursday 1 October 2026,True,13:30,14:15,Mr Huw Dimond,0014J00000Fz9YpQAJ,Male,a0Ow000000EqzH6EAJ,a0WPz00000Mq32XMAR
gloucester,Thursday 1 October 2026,True,14:15,15:00,Mr Huw Dimond,0014J00000Fz9YpQAJ,Male,a0Ow000000EqzH6EAJ,a0WPz00000Mq32XMAR
gloucester,Thursday 1 October 2026,True,15:00,15:45,Mr Huw Dimond,0014J00000Fz9YpQAJ,Male,a0Ow000000EqzH6EAJ,a0WPz00000Mq32XMAR
gloucester,Monday 5 October 2026,True,11:15,12:00,Mr Iestyn Rees,001w000001BXK68AAH,Male,a0Ow000000EqzH6EAJ,a0WPz00000HMpp8MAD
gloucester,Monday 5 October 2026,True,12:30,13:15,Mr Iestyn Rees,001w000001BXK68AAH,Male,a0Ow000000EqzH6EAJ,a0WPz00000HMpp8MAD
gloucester,Monday 5 October 2026,True,14:30,15:15,Mr Iestyn Rees,001w000001BXK68AAH,Male,a0Ow000000EqzH6EAJ,a0WPz00000HMpp8MAD
gloucester,Monday 5 October 2026,True,15:15,16:00,Mr Iestyn Rees,001w000001BXK68AAH,Male,a0Ow000000EqzH6EAJ,a0WPz00000HMpp8MAD
gloucester,Tuesday 6 October 2026,True,07:30,08:15,Mr Iestyn Rees,001w000001BXK68AAH,Male,a0Ow000000EqzH6EAJ,a0WPz00000HMppxMAD
gloucester,Tuesday 6 October 2026,True,08:15,09:00,Mr Iestyn Rees,001w000001BXK68AAH,Male,a0Ow000000EqzH6EAJ,a0WPz00000HMppxMAD
gloucester,Tuesday 6 October 2026,True,09:00,09:45,Mr Iestyn Rees,001w000001BXK68AAH,Male,a0Ow000000EqzH6EAJ,a0WPz00000HMppxMAD
gloucester,Tuesday 6 October 2026,True,09:45,10:30,Mr Iestyn Rees,001w000001BXK68AAH,Male,a0Ow000000EqzH6EAJ,a0WPz00000HMppxMAD
gloucester,Tuesday 6 October 2026,True,11:00,11:45,Mr Iestyn Rees,001w000001BXK68AAH,Male,a0Ow000000EqzH6EAJ,a0WPz00000HMppxMAD
gloucester,Tuesday 6 October 2026,True,11:45,12:30,Mr Iestyn Rees,001w000001BXK68AAH,Male,a0Ow000000EqzH6EAJ,a0WPz00000HMppxMAD
gloucester,Wednesday 7 October 2026,True,07:30,08:15,Mr Iestyn Rees,001w000001BXK68AAH,Male,a0Ow000000EqzH6EAJ,a0WPz00000HMvbEMAT
gloucester,Wednesday 7 October 2026,True,08:15,09:00,Mr Iestyn Rees,001w000001BXK68AAH,Male,a0Ow000000EqzH6EAJ,a0WPz00000HMvbEMAT
gloucester,Wednesday 7 October 2026,True,09:30,10:15,Mr Iestyn Rees,001w000001BXK68AAH,Male,a0Ow000000EqzH6EAJ,a0WPz00000HMvbEMAT
gloucester,Wednesday 7 October 2026,True,11:00,11:45,Mr Iestyn Rees,001w000001BXK68AAH,Male,a0Ow000000EqzH6EAJ,a0WPz00000HMvbEMAT
gloucester,Wednesday 7 October 2026,True,15:00,15:45,Mr Iestyn Rees,001w000001BXK68AAH,Male,a0Ow000000EqzH6EAJ,a0WPz00000HMvbEMAT
gloucester,Thursday 8 October 2026,True,08:00,08:45,Mr Huw Dimond,0014J00000Fz9YpQAJ,Male,a0Ow000000EqzH6EAJ,a0WPz00000Mq32AMAR
gloucester,Thursday 8 October 2026,True,08:45,09:30,Mr Huw Dimond,0014J00000Fz9YpQAJ,Male,a0Ow000000EqzH6EAJ,a0WPz00000Mq32AMAR
gloucester,Thursday 8 October 2026,True,10:30,11:15,Mr Huw Dimond,0014J00000Fz9YpQAJ,Male,a0Ow000000EqzH6EAJ,a0WPz00000Mq32AMAR
gloucester,Thursday 8 October 2026,True,11:15,12:00,Mr Huw Dimond,0014J00000Fz9YpQAJ,Male,a0Ow000000EqzH6EAJ,a0WPz00000Mq32AMAR
gloucester,Thursday 8 October 2026,True,13:00,13:45,Mr Huw Dimond,0014J00000Fz9YpQAJ,Male,a0Ow000000EqzH6EAJ,a0WPz00000Mq32YMAR
gloucester,Thursday 8 October 2026,True,13:45,14:30,Mr Huw Dimond,0014J00000Fz9YpQAJ,Male,a0Ow000000EqzH6EAJ,a0WPz00000Mq32YMAR
gloucester,Monday 12 October 2026,True,12:30,13:15,Mr Iestyn Rees,001w000001BXK68AAH,Male,a0Ow000000EqzH6EAJ,a0WPz00000HMpp9MAD
gloucester,Monday 12 October 2026,True,13:15,14:00,Mr Iestyn Rees,001w000001BXK68AAH,Male,a0Ow000000EqzH6EAJ,a0WPz00000HMpp9MAD
gloucester,Monday 12 October 2026,True,14:30,15:15,Mr Iestyn Rees,001w000001BXK68AAH,Male,a0Ow000000EqzH6EAJ,a0WPz00000HMpp9MAD
gloucester,Monday 12 October 2026,True,15:15,16:00,Mr Iestyn Rees,001w000001BXK68AAH,Male,a0Ow000000EqzH6EAJ,a0WPz00000HMpp9MAD
gloucester,Monday 12 October 2026,True,16:00,16:45,Mr Iestyn Rees,001w000001BXK68AAH,Male,a0Ow000000EqzH6EAJ,a0WPz00000HMpp9MAD
gloucester,Monday 12 October 2026,True,17:00,17:45,Mr Iestyn Rees,001w000001BXK68AAH,Male,a0Ow000000EqzH6EAJ,a0WPz00000HMpp9MAD
gloucester,Monday 12 October 2026,True,17:45,18:30,Mr Iestyn Rees,001w000001BXK68AAH,Male,a0Ow000000EqzH6EAJ,a0WPz00000HMpp9MAD
gloucester,Tuesday 13 October 2026,True,08:30,09:15,Mr Iestyn Rees,001w000001BXK68AAH,Male,a0Ow000000EqzH6EAJ,a0WPz00000HMppyMAD
gloucester,Tuesday 13 October 2026,True,12:15,13:00,Mr Iestyn Rees,001w000001BXK68AAH,Male,a0Ow000000EqzH6EAJ,a0WPz00000HMppyMAD
gloucester,Tuesday 13 October 2026,True,13:00,13:45,Mr Iestyn Rees,001w000001BXK68AAH,Male,a0Ow000000EqzH6EAJ,a0WPz00000HMppyMAD
guildford-gym,Tuesday 6 October 2026,True,08:00,08:45,"Mrs Lynsey(18,MSK,Pelvic) Greenshields",0014J00000d7AZIQA2,Female,a0Ow000000EqNiyEAF,a0WPz00000TzO4mMAF
guildford-gym,Monday 12 October 2026,True,08:00,08:45,Miss Gemma Hendry,001Pz00000J5K1hIAF,Female,a0Ow000000EqNiyEAF,a0WPz00000VILZmMAP
guildford-gym,Monday 12 October 2026,True,08:45,09:30,Miss Gemma Hendry,001Pz00000J5K1hIAF,Female,a0Ow000000EqNiyEAF,a0WPz00000VILZmMAP
guildford-gym,Monday 12 October 2026,True,09:30,10:15,Miss Gemma Hendry,001Pz00000J5K1hIAF,Female,a0Ow000000EqNiyEAF,a0WPz00000VILZmMAP
guildford-gym,Monday 12 October 2026,True,13:30,14:15,Miss Gemma Hendry,001Pz00000J5K1hIAF,Female,a0Ow000000EqNiyEAF,a0WPz00000VIdyvMAD
guildford-gym,Tuesday 13 October 2026,True,08:00,08:45,"Mrs Lynsey(18,MSK,Pelvic) Greenshields",0014J00000d7AZIQA2,Female,a0Ow000000EqNiyEAF,a0WPz00000TzO4nMAF
guildford-gym,Tuesday 13 October 2026,True,14:15,15:00,Miss Stephanie Wilkins,001w000001DNStWAAX,Female,a0Ow000000EqNiyEAF,a0WPz00000PjvwVMAR
guildford,Thursday 1 October 2026,True,14:00,14:45,Mrs Megan (MSK &  Pelvic Health) Seheult,001w0000016dWuUAAU,Female,a0O2000000AeJHYEA3,a0WPz00000SScn3MAD
guildford,Thursday 1 October 2026,True,14:30,15:15,"Mrs Lynsey(18,MSK,Pelvic) Greenshields",0014J00000d7AZIQA2,Female,a0O2000000AeJHYEA3,a0WPz00000StAS3MAN
guildford,Thursday 1 October 2026,True,15:15,16:00,"Mrs Lynsey(18,MSK,Pelvic) Greenshields",0014J00000d7AZIQA2,Female,a0O2000000AeJHYEA3,a0WPz00000StAS3MAN
guildford,Tuesday 6 October 2026,True,15:00,15:45,Mrs Megan (MSK &  Pelvic Health) Seheult,001w0000016dWuUAAU,Female,a0O2000000AeJHYEA3,a0WPz00000SScn4MAD
guildford,Tuesday 6 October 2026,True,15:45,16:30,Mrs Megan (MSK &  Pelvic Health) Seheult,001w0000016dWuUAAU,Female,a0O2000000AeJHYEA3,a0WPz00000SScn4MAD
guildford,Wednesday 7 October 2026,True,09:00,09:45,Mrs Megan (MSK &  Pelvic Health) Seheult,001w0000016dWuUAAU,Female,a0O2000000AeJHYEA3,a0WPz00000SSbe6MAD
guildford,Thursday 8 October 2026,True,09:00,09:45,Mrs Megan (MSK &  Pelvic Health) Seheult,001w0000016dWuUAAU,Female,a0O2000000AeJHYEA3,a0WPz00000SSbeLMAT
guildford,Thursday 8 October 2026,True,08:00,08:45,"Mrs Lynsey(18,MSK,Pelvic) Greenshields",0014J00000d7AZIQA2,Female,a0O2000000AeJHYEA3,a0WTw000003YvWvMAK
guildford,Thursday 8 October 2026,True,08:45,09:30,"Mrs Lynsey(18,MSK,Pelvic) Greenshields",0014J00000d7AZIQA2,Female,a0O2000000AeJHYEA3,a0WTw000003YvWvMAK
guildford,Thursday 8 October 2026,True,14:45,15:30,"Mrs Lynsey(18,MSK,Pelvic) Greenshields",0014J00000d7AZIQA2,Female,a0O2000000AeJHYEA3,a0WTw000003sgdFMAQ
guildford,Thursday 8 October 2026,True,15:30,16:15,"Mrs Lynsey(18,MSK,Pelvic) Greenshields",0014J00000d7AZIQA2,Female,a0O2000000AeJHYEA3,a0WTw000003sgdFMAQ
harrogate,Thursday 1 October 2026,True,10:00,10:45,Miss Victoria Langley,0014J00000dmbkSQAQ,Female,a0O2000000AeJEPEA3,a0WPz00000SztiyMAB
harrogate,Friday 2 October 2026,True,10:00,10:45,Miss Victoria Langley,0014J00000dmbkSQAQ,Female,a0O2000000AeJEPEA3,a0WPz00000SztjEMAR
harrogate,Friday 2 October 2026,True,10:45,11:30,Miss Victoria Langley,0014J00000dmbkSQAQ,Female,a0O2000000AeJEPEA3,a0WPz00000SztjEMAR
harrogate,Friday 2 October 2026,True,13:00,13:45,Mr James Pacey,00120000010rxehAAA,Male,a0O2000000AeJEPEA3,a0WPz00000TP1wlMAD
harrogate,Friday 2 October 2026,True,13:45,14:30,Mr James Pacey,00120000010rxehAAA,Male,a0O2000000AeJEPEA3,a0WPz00000TP1wlMAD
harrogate,Monday 5 October 2026,True,10:30,11:15,Mr James Pacey,00120000010rxehAAA,Male,a0O2000000AeJEPEA3,a0WPz00000TP1wOMAT
harrogate,Monday 5 October 2026,True,13:30,14:15,Mr James Pacey,00120000010rxehAAA,Male,a0O2000000AeJEPEA3,a0WPz00000TP1wWMAT
harrogate,Monday 5 October 2026,True,14:15,15:00,Mr James Pacey,00120000010rxehAAA,Male,a0O2000000AeJEPEA3,a0WPz00000TP1wWMAT
harrogate,Monday 5 October 2026,True,15:00,15:45,Mr James Pacey,00120000010rxehAAA,Male,a0O2000000AeJEPEA3,a0WPz00000TP1wWMAT
harrogate,Tuesday 6 October 2026,True,13:30,14:15,Miss Victoria Langley,0014J00000dmbkSQAQ,Female,a0O2000000AeJEPEA3,a0WPz00000VMfVpMAL
harrogate,Tuesday 6 October 2026,True,15:00,15:45,Miss Victoria Langley,0014J00000dmbkSQAQ,Female,a0O2000000AeJEPEA3,a0WPz00000VMfVpMAL
harrogate,Wednesday 7 October 2026,True,08:30,09:15,Miss Victoria Langley,0014J00000dmbkSQAQ,Female,a0O2000000AeJEPEA3,a0WPz00000VtZ9sMAF
harrogate,Wednesday 7 October 2026,True,09:15,10:00,Miss Victoria Langley,0014J00000dmbkSQAQ,Female,a0O2000000AeJEPEA3,a0WPz00000VtZ9sMAF
harrogate,Wednesday 7 October 2026,True,10:00,10:45,Miss Victoria Langley,0014J00000dmbkSQAQ,Female,a0O2000000AeJEPEA3,a0WPz00000VtZ9sMAF
harrogate,Wednesday 7 October 2026,True,10:45,11:30,Miss Victoria Langley,0014J00000dmbkSQAQ,Female,a0O2000000AeJEPEA3,a0WPz00000VtZ9sMAF
harrogate,Wednesday 7 October 2026,True,13:00,13:45,Miss Victoria Langley,0014J00000dmbkSQAQ,Female,a0O2000000AeJEPEA3,a0WPz00000VtZA0MAN
harrogate,Wednesday 7 October 2026,True,13:45,14:30,Miss Victoria Langley,0014J00000dmbkSQAQ,Female,a0O2000000AeJEPEA3,a0WPz00000VtZA0MAN
harrogate,Thursday 8 October 2026,True,13:00,13:45,Miss Victoria Langley,0014J00000dmbkSQAQ,Female,a0O2000000AeJEPEA3,a0WPz00000VMfVzMAL
harrogate,Thursday 8 October 2026,True,13:45,14:30,Miss Victoria Langley,0014J00000dmbkSQAQ,Female,a0O2000000AeJEPEA3,a0WPz00000VMfVzMAL
harrogate,Friday 9 October 2026,True,08:45,09:30,Miss Victoria Langley,0014J00000dmbkSQAQ,Female,a0O2000000AeJEPEA3,a0WPz00000VMfW4MAL
harrogate,Friday 9 October 2026,True,11:00,11:45,Miss Victoria Langley,0014J00000dmbkSQAQ,Female,a0O2000000AeJEPEA3,a0WPz00000VMfW4MAL
harrogate,Friday 9 October 2026,True,08:00,08:45,Mr James Pacey,00120000010rxehAAA,Male,a0O2000000AeJEPEA3,a0WPz00000TP1weMAD
harrogate,Friday 9 October 2026,True,08:45,09:30,Mr James Pacey,00120000010rxehAAA,Male,a0O2000000AeJEPEA3,a0WPz00000TP1weMAD
harrogate,Friday 9 October 2026,True,09:30,10:15,Mr James Pacey,00120000010rxehAAA,Male,a0O2000000AeJEPEA3,a0WPz00000TP1weMAD
harrogate,Friday 9 October 2026,True,10:15,11:00,Mr James Pacey,00120000010rxehAAA,Male,a0O2000000AeJEPEA3,a0WPz00000TP1weMAD
harrogate,Friday 9 October 2026,True,11:00,11:45,Mr James Pacey,00120000010rxehAAA,Male,a0O2000000AeJEPEA3,a0WPz00000TP1weMAD
harrogate,Friday 9 October 2026,True,13:30,14:15,Miss Victoria Langley,0014J00000dmbkSQAQ,Female,a0O2000000AeJEPEA3,a0WPz00000VMfW9MAL
harrogate,Friday 9 October 2026,True,14:15,15:00,Miss Victoria Langley,0014J00000dmbkSQAQ,Female,a0O2000000AeJEPEA3,a0WPz00000VMfW9MAL
harrogate,Friday 9 October 2026,True,15:00,15:45,Miss Victoria Langley,0014J00000dmbkSQAQ,Female,a0O2000000AeJEPEA3,a0WPz00000VMfW9MAL
harrogate,Monday 12 October 2026,True,10:30,11:15,Mr James Pacey,00120000010rxehAAA,Male,a0O2000000AeJEPEA3,a0WPz00000XMFiAMAX
harrogate,Monday 12 October 2026,True,11:15,12:00,Mr James Pacey,00120000010rxehAAA,Male,a0O2000000AeJEPEA3,a0WPz00000XMFiAMAX
harrogate,Monday 12 October 2026,True,13:30,14:15,Mr James Pacey,00120000010rxehAAA,Male,a0O2000000AeJEPEA3,a0WPz00000XMFiIMAX
harrogate,Monday 12 October 2026,True,14:15,15:00,Mr James Pacey,00120000010rxehAAA,Male,a0O2000000AeJEPEA3,a0WPz00000XMFiIMAX
harrogate,Monday 12 October 2026,True,15:00,15:45,Mr James Pacey,00120000010rxehAAA,Male,a0O2000000AeJEPEA3,a0WPz00000XMFiIMAX
harrogate,Monday 12 October 2026,True,15:45,16:30,Mr James Pacey,00120000010rxehAAA,Male,a0O2000000AeJEPEA3,a0WPz00000XMFiIMAX
harrogate,Tuesday 13 October 2026,True,13:00,13:45,Miss Victoria Langley,0014J00000dmbkSQAQ,Female,a0O2000000AeJEPEA3,a0WPz00000VMfVqMAL
harrogate,Tuesday 13 October 2026,True,13:45,14:30,Miss Victoria Langley,0014J00000dmbkSQAQ,Female,a0O2000000AeJEPEA3,a0WPz00000VMfVqMAL
harrogate,Tuesday 13 October 2026,True,14:30,15:15,Miss Victoria Langley,0014J00000dmbkSQAQ,Female,a0O2000000AeJEPEA3,a0WPz00000VMfVqMAL
harrogate,Tuesday 13 October 2026,True,15:15,16:00,Miss Victoria Langley,0014J00000dmbkSQAQ,Female,a0O2000000AeJEPEA3,a0WPz00000VMfVqMAL
hemel-hempstead,Wednesday 30 September 2026,True,16:15,17:00,Mr Luigi Bartoli,001Pz00000PN6CvIAL,Male,a0Ow000000KKrHpEAL,a0WPz00000VMMlnMAH
hemel-hempstead,Wednesday 7 October 2026,True,11:00,11:45,Mr Luigi Bartoli,001Pz00000PN6CvIAL,Male,a0Ow000000KKrHpEAL,a0WPz00000VMMlcMAH
hemel-hempstead,Wednesday 7 October 2026,True,13:00,13:45,Mr Luigi Bartoli,001Pz00000PN6CvIAL,Male,a0Ow000000KKrHpEAL,a0WPz00000VMMlcMAH
hemel-hempstead,Wednesday 7 October 2026,True,17:30,18:15,Mr Luigi Bartoli,001Pz00000PN6CvIAL,Male,a0Ow000000KKrHpEAL,a0WPz00000VMMloMAH
hemel-hempstead,Friday 9 October 2026,True,13:00,13:45,Mr Luigi Bartoli,001Pz00000PN6CvIAL,Male,a0Ow000000KKrHpEAL,a0WPz00000VMMlHMAX
hemel-hempstead,Friday 9 October 2026,True,13:45,14:30,Mr Luigi Bartoli,001Pz00000PN6CvIAL,Male,a0Ow000000KKrHpEAL,a0WPz00000VMMlHMAX
hereford,Wednesday 7 October 2026,True,14:00,14:45,Mrs Swarada Kulkarni,001Pz00000hCCfsIAG,Female,a0O2000000AeJHaEAN,a0WPz00000ThryEMAR
hereford,Tuesday 13 October 2026,True,08:45,09:30,Mrs Swarada Kulkarni,001Pz00000hCCfsIAG,Female,a0O2000000AeJHaEAN,a0WPz00000ThsxLMAR
hereford,Tuesday 13 October 2026,True,09:30,10:15,Mrs Swarada Kulkarni,001Pz00000hCCfsIAG,Female,a0O2000000AeJHaEAN,a0WPz00000ThsxLMAR
hereford,Tuesday 13 October 2026,True,10:15,11:00,Mrs Swarada Kulkarni,001Pz00000hCCfsIAG,Female,a0O2000000AeJHaEAN,a0WPz00000ThsxLMAR
hereford,Tuesday 13 October 2026,True,11:00,11:45,Mrs Swarada Kulkarni,001Pz00000hCCfsIAG,Female,a0O2000000AeJHaEAN,a0WPz00000ThsxLMAR
hereford,Tuesday 13 October 2026,True,15:00,15:45,Mrs Swarada Kulkarni,001Pz00000hCCfsIAG,Female,a0O2000000AeJHaEAN,a0WPz00000Thry7MAB
hereford,Tuesday 13 October 2026,True,15:45,16:30,Mrs Swarada Kulkarni,001Pz00000hCCfsIAG,Female,a0O2000000AeJHaEAN,a0WPz00000Thry7MAB
hereford,Tuesday 13 October 2026,True,16:30,17:15,Mrs Swarada Kulkarni,001Pz00000hCCfsIAG,Female,a0O2000000AeJHaEAN,a0WPz00000Thry7MAB
ilford,Wednesday 30 September 2026,True,16:45,17:30,Mr Terry McRae,0014J00000supEDQAY,Male,a0Ow000000EqzH4EAJ,a0WPz00000TNCktMAH
ilford,Wednesday 7 October 2026,True,13:00,13:45,Mr Terry McRae,0014J00000supEDQAY,Male,a0Ow000000EqzH4EAJ,a0WPz00000TNCkoMAH
ilford,Wednesday 7 October 2026,True,16:00,16:45,Mr Terry McRae,0014J00000supEDQAY,Male,a0Ow000000EqzH4EAJ,a0WPz00000TNCkuMAH
ilford,Wednesday 7 October 2026,True,17:30,18:15,Mr Terry McRae,0014J00000supEDQAY,Male,a0Ow000000EqzH4EAJ,a0WPz00000TNCkuMAH
ilford,Wednesday 7 October 2026,True,18:15,19:00,Mr Terry McRae,0014J00000supEDQAY,Male,a0Ow000000EqzH4EAJ,a0WPz00000TNCkuMAH
kingston,Thursday 1 October 2026,True,13:15,14:00,Mrs Harriet Callender,0014J0000096QCWQA2,Female,a0Ow000000KKrHbEAL,a0WPz00000SscbjMAB
kingston,Monday 5 October 2026,True,11:30,12:15,Ms Dominika Kwasniewska,001Pz0000149GqnIAE,Female,a0Ow000000KKrHbEAL,a0WPz00000UmjpkMAB
kingston,Tuesday 6 October 2026,True,08:00,08:45,Mrs Harriet Callender,0014J0000096QCWQA2,Female,a0Ow000000KKrHbEAL,a0WPz00000UUCyjMAH
kingston,Tuesday 6 October 2026,True,08:45,09:30,Mrs Harriet Callender,0014J0000096QCWQA2,Female,a0Ow000000KKrHbEAL,a0WPz00000UUCyjMAH
kingston,Tuesday 6 October 2026,True,10:30,11:15,Mrs Harriet Callender,0014J0000096QCWQA2,Female,a0Ow000000KKrHbEAL,a0WPz00000UUCyjMAH
kingston,Tuesday 6 October 2026,True,11:15,12:00,Mrs Harriet Callender,0014J0000096QCWQA2,Female,a0Ow000000KKrHbEAL,a0WPz00000UUCyjMAH
kingston,Tuesday 6 October 2026,True,13:30,14:15,Mrs Harriet Callender,0014J0000096QCWQA2,Female,a0Ow000000KKrHbEAL,a0WPz00000UUCynMAH
kingston,Tuesday 6 October 2026,True,14:15,15:00,Mrs Harriet Callender,0014J0000096QCWQA2,Female,a0Ow000000KKrHbEAL,a0WPz00000UUCynMAH
kingston,Thursday 8 October 2026,True,09:00,09:45,Mrs Harriet Callender,0014J0000096QCWQA2,Female,a0Ow000000KKrHbEAL,a0WTw000003io4DMAQ
kingston,Thursday 8 October 2026,True,12:30,13:15,Mrs Harriet Callender,0014J0000096QCWQA2,Female,a0Ow000000KKrHbEAL,a0WTw000003inw9MAA
kingston,Thursday 8 October 2026,True,13:15,14:00,Mrs Harriet Callender,0014J0000096QCWQA2,Female,a0Ow000000KKrHbEAL,a0WTw000003inw9MAA
kingston,Friday 9 October 2026,True,08:15,09:00,Mrs Harriet Callender,0014J0000096QCWQA2,Female,a0Ow000000KKrHbEAL,a0WPz00000UUTkvMAH
kingston,Friday 9 October 2026,True,09:00,09:45,Mrs Harriet Callender,0014J0000096QCWQA2,Female,a0Ow000000KKrHbEAL,a0WPz00000UUTkvMAH
kingston,Friday 9 October 2026,True,09:45,10:30,Mrs Harriet Callender,0014J0000096QCWQA2,Female,a0Ow000000KKrHbEAL,a0WPz00000UUTkvMAH
kingston,Friday 9 October 2026,True,12:30,13:15,Mrs Harriet Callender,0014J0000096QCWQA2,Female,a0Ow000000KKrHbEAL,a0WPz00000UUTkzMAH
kingston,Friday 9 October 2026,True,14:00,14:45,Mrs Harriet Callender,0014J0000096QCWQA2,Female,a0Ow000000KKrHbEAL,a0WPz00000UUTkzMAH
kingston,Monday 12 October 2026,True,16:00,16:45,Ms Dominika Kwasniewska,001Pz0000149GqnIAE,Female,a0Ow000000KKrHbEAL,a0WPz00000UmjpzMAB
kingston,Monday 12 October 2026,True,16:45,17:30,Ms Dominika Kwasniewska,001Pz0000149GqnIAE,Female,a0Ow000000KKrHbEAL,a0WPz00000UmjpzMAB
kingston,Monday 12 October 2026,True,17:30,18:15,Ms Dominika Kwasniewska,001Pz0000149GqnIAE,Female,a0Ow000000KKrHbEAL,a0WPz00000UmjpzMAB
kingston,Tuesday 13 October 2026,True,08:00,08:45,Mrs Harriet Callender,0014J0000096QCWQA2,Female,a0Ow000000KKrHbEAL,a0WPz00000UUCykMAH
kingston,Tuesday 13 October 2026,True,08:45,09:30,Mrs Harriet Callender,0014J0000096QCWQA2,Female,a0Ow000000KKrHbEAL,a0WPz00000UUCykMAH
kingston,Tuesday 13 October 2026,True,09:30,10:15,Mrs Harriet Callender,0014J0000096QCWQA2,Female,a0Ow000000KKrHbEAL,a0WPz00000UUCykMAH
kingston,Tuesday 13 October 2026,True,10:15,11:00,Mrs Harriet Callender,0014J0000096QCWQA2,Female,a0Ow000000KKrHbEAL,a0WPz00000UUCykMAH
kingston,Tuesday 13 October 2026,True,11:00,11:45,Mrs Harriet Callender,0014J0000096QCWQA2,Female,a0Ow000000KKrHbEAL,a0WPz00000UUCykMAH
kingston,Tuesday 13 October 2026,True,13:00,13:45,Mrs Harriet Callender,0014J0000096QCWQA2,Female,a0Ow000000KKrHbEAL,a0WPz00000UUCyoMAH
kingston,Tuesday 13 October 2026,True,13:45,14:30,Mrs Harriet Callender,0014J0000096QCWQA2,Female,a0Ow000000KKrHbEAL,a0WPz00000UUCyoMAH
kingston,Tuesday 13 October 2026,True,14:30,15:15,Mrs Harriet Callender,0014J0000096QCWQA2,Female,a0Ow000000KKrHbEAL,a0WPz00000UUCyoMAH
leamington-spa,Tuesday 6 October 2026,True,10:15,11:00,Mrs Barthena Gilada,001Pz00000gXiJtIAK,Female,a0O2000000AeJHcEAN,a0WPz00000OwwBDMAZ
leatherhead,Thursday 8 October 2026,True,14:00,14:45,Miss Lianne Price,001w000001BXUxqAAH,Female,a0Ow000000CI0jlEAD,a0WPz00000UI8xCMAT
leatherhead,Tuesday 13 October 2026,True,09:00,09:45,Miss Lianne Price,001w000001BXUxqAAH,Female,a0Ow000000CI0jlEAD,a0WPz00000UHmJzMAL
leatherhead,Tuesday 13 October 2026,True,13:30,14:15,Miss Lianne Price,001w000001BXUxqAAH,Female,a0Ow000000CI0jlEAD,a0WPz00000UHmKBMA1
leeds,Thursday 1 October 2026,True,11:45,12:30,Miss Jen Willingham,00120000010rxPVAAY,Female,a0O2000000AeJHdEAN,a0WPz00000JuajSMAR
leeds,Monday 5 October 2026,True,09:00,09:45,Mr Charles Edmondson,001Pz000006wbgWIAQ,Male,a0O2000000AeJHdEAN,a0WPz00000Sw4BOMAZ
leeds,Tuesday 6 October 2026,True,10:00,10:45,Mr Josh Leaper,0014J00000j1ikOQAQ,Male,a0O2000000AeJHdEAN,a0WPz00000Q7nilMAB
leeds,Tuesday 6 October 2026,True,08:00,08:45,Miss Ruth Jones,0014J00000bduwOQAQ,Female,a0O2000000AeJHdEAN,a0WPz00000Pk59cMAB
leeds,Tuesday 6 October 2026,True,08:00,08:45,Mr Charles Edmondson,001Pz000006wbgWIAQ,Male,a0O2000000AeJHdEAN,a0WPz00000Sw4BPMAZ
leeds,Tuesday 6 October 2026,True,09:15,10:00,Mr Charles Edmondson,001Pz000006wbgWIAQ,Male,a0O2000000AeJHdEAN,a0WPz00000Sw4BPMAZ
leeds,Tuesday 6 October 2026,True,08:00,08:45,Mr Laurence Wharmby,001w000001H1Mo8AAF,Male,a0O2000000AeJHdEAN,a0WPz00000XNwJgMAL
leeds,Tuesday 6 October 2026,True,14:00,14:45,Mr Charles Edmondson,001Pz000006wbgWIAQ,Male,a0O2000000AeJHdEAN,a0WPz00000Sw4CJMAZ
leeds,Tuesday 6 October 2026,True,16:15,17:00,Mr Charles Edmondson,001Pz000006wbgWIAQ,Male,a0O2000000AeJHdEAN,a0WPz00000Sw4CJMAZ
leeds,Thursday 8 October 2026,True,08:00,08:45,Miss Jen Willingham,00120000010rxPVAAY,Female,a0O2000000AeJHdEAN,a0WPz00000JuajVMAR
leeds,Thursday 8 October 2026,True,08:45,09:30,Miss Jen Willingham,00120000010rxPVAAY,Female,a0O2000000AeJHdEAN,a0WPz00000JuajVMAR
leeds,Thursday 8 October 2026,True,09:30,10:15,Miss Jen Willingham,00120000010rxPVAAY,Female,a0O2000000AeJHdEAN,a0WPz00000JuajVMAR
leeds,Thursday 8 October 2026,True,10:00,10:45,Ms Emily Jackson,0012X00001nRFxBQAW,Female,a0O2000000AeJHdEAN,a0WPz00000PZ1tgMAD
leeds,Thursday 8 October 2026,True,10:45,11:30,Ms Emily Jackson,0012X00001nRFxBQAW,Female,a0O2000000AeJHdEAN,a0WPz00000PZ1tgMAD
leeds,Thursday 8 October 2026,True,08:00,08:45,Mr Josh Leaper,0014J00000j1ikOQAQ,Male,a0O2000000AeJHdEAN,a0WTw000003cyw1MAA
leeds,Thursday 8 October 2026,True,08:45,09:30,Mr Josh Leaper,0014J00000j1ikOQAQ,Male,a0O2000000AeJHdEAN,a0WTw000003cyw1MAA
leeds,Thursday 8 October 2026,True,15:15,16:00,Mr Charles Edmondson,001Pz000006wbgWIAQ,Male,a0O2000000AeJHdEAN,a0WPz00000Sw4C1MAJ
leeds,Friday 9 October 2026,True,08:30,09:15,Mr Laurence Wharmby,001w000001H1Mo8AAF,Male,a0O2000000AeJHdEAN,a0WPz00000RD2m5MAD
leeds,Monday 12 October 2026,True,08:00,08:45,Ms Emily Jackson,0012X00001nRFxBQAW,Female,a0O2000000AeJHdEAN,a0WPz00000PZ1tNMAT
leeds,Monday 12 October 2026,True,08:30,09:15,Miss Ruth Jones,0014J00000bduwOQAQ,Female,a0O2000000AeJHdEAN,a0WPz00000SSPubMAH
leeds,Monday 12 October 2026,True,10:30,11:15,Miss Ruth Jones,0014J00000bduwOQAQ,Female,a0O2000000AeJHdEAN,a0WPz00000SSPubMAH
leeds,Monday 12 October 2026,True,08:00,08:45,Mr Charles Edmondson,001Pz000006wbgWIAQ,Male,a0O2000000AeJHdEAN,a0WPz00000Sw4BSMAZ
leeds,Monday 12 October 2026,True,08:45,09:30,Mr Charles Edmondson,001Pz000006wbgWIAQ,Male,a0O2000000AeJHdEAN,a0WPz00000Sw4BSMAZ
leeds,Monday 12 October 2026,True,11:00,11:45,Mr Charles Edmondson,001Pz000006wbgWIAQ,Male,a0O2000000AeJHdEAN,a0WPz00000Sw4BSMAZ
leeds,Monday 12 October 2026,True,11:45,12:30,Mr Charles Edmondson,001Pz000006wbgWIAQ,Male,a0O2000000AeJHdEAN,a0WPz00000Sw4BSMAZ
leeds,Monday 12 October 2026,True,08:30,09:15,Miss Jen Willingham,00120000010rxPVAAY,Female,a0O2000000AeJHdEAN,a0WPz00000JuajWMAR
leeds,Monday 12 October 2026,True,15:30,16:15,Miss Ruth Jones,0014J00000bduwOQAQ,Female,a0O2000000AeJHdEAN,a0WPz00000SSPulMAH
leeds,Monday 12 October 2026,True,15:15,16:00,Miss Jen Willingham,00120000010rxPVAAY,Female,a0O2000000AeJHdEAN,a0WPz00000JuakBMAR
leeds,Monday 12 October 2026,True,15:00,15:45,Mr Charles Edmondson,001Pz000006wbgWIAQ,Male,a0O2000000AeJHdEAN,a0WPz00000SwDXsMAN
leeds,Monday 12 October 2026,True,15:45,16:30,Mr Charles Edmondson,001Pz000006wbgWIAQ,Male,a0O2000000AeJHdEAN,a0WPz00000SwDXsMAN
leeds,Monday 12 October 2026,True,14:30,15:15,Mr Josh Leaper,0014J00000j1ikOQAQ,Male,a0O2000000AeJHdEAN,a0WPz00000XLyB5MAL
leeds,Monday 12 October 2026,True,15:15,16:00,Mr Josh Leaper,0014J00000j1ikOQAQ,Male,a0O2000000AeJHdEAN,a0WPz00000XLyB5MAL
leeds,Tuesday 13 October 2026,True,10:00,10:45,Mr Laurence Wharmby,001w000001H1Mo8AAF,Male,a0O2000000AeJHdEAN,a0WPz00000XNwJhMAL
leeds,Tuesday 13 October 2026,True,10:45,11:30,Mr Laurence Wharmby,001w000001H1Mo8AAF,Male,a0O2000000AeJHdEAN,a0WPz00000XNwJhMAL
leeds,Tuesday 13 October 2026,True,16:15,17:00,Mr Charles Edmondson,001Pz000006wbgWIAQ,Male,a0O2000000AeJHdEAN,a0WPz00000Sw4CKMAZ
letchworth,Tuesday 6 October 2026,True,09:30,10:15,Ms Leda Cox,001Pz00000uiwl5IAA,Female,a0O2000000AeJFjEAN,a0WPz00000UIKsHMAX
letchworth,Tuesday 6 October 2026,True,11:00,11:45,Ms Leda Cox,001Pz00000uiwl5IAA,Female,a0O2000000AeJFjEAN,a0WPz00000UIKsHMAX
letchworth,Tuesday 6 October 2026,True,11:45,12:30,Ms Leda Cox,001Pz00000uiwl5IAA,Female,a0O2000000AeJFjEAN,a0WPz00000UIKsHMAX
letchworth,Tuesday 6 October 2026,True,18:30,19:15,Mr Daniel Munson,0014J00000BSEP4QAP,Male,a0O2000000AeJFjEAN,a0WPz00000Tf6wvMAB
letchworth,Thursday 8 October 2026,True,12:30,13:15,Ms Leda Cox,001Pz00000uiwl5IAA,Female,a0O2000000AeJFjEAN,a0WPz00000UIKrxMAH
letchworth,Thursday 8 October 2026,True,13:15,14:00,Ms Leda Cox,001Pz00000uiwl5IAA,Female,a0O2000000AeJFjEAN,a0WPz00000UIKrxMAH
letchworth,Tuesday 13 October 2026,True,10:00,10:45,Ms Leda Cox,001Pz00000uiwl5IAA,Female,a0O2000000AeJFjEAN,a0WPz00000UIKsIMAX
letchworth,Tuesday 13 October 2026,True,11:40,12:25,Ms Leda Cox,001Pz00000uiwl5IAA,Female,a0O2000000AeJFjEAN,a0WPz00000UIKsIMAX
liverpool,Thursday 1 October 2026,True,09:00,09:45,Ms Despoina Pantazi,0014J00000eZ2xNQAS,Female,a0Ow000000CI9ULEA1,a0WPz00000TNRWEMA5
liverpool,Thursday 1 October 2026,True,10:15,11:00,Ms Despoina Pantazi,0014J00000eZ2xNQAS,Female,a0Ow000000CI9ULEA1,a0WPz00000TNRWEMA5
liverpool,Thursday 1 October 2026,True,13:00,13:45,Ms Despoina Pantazi,0014J00000eZ2xNQAS,Female,a0Ow000000CI9ULEA1,a0WPz00000TNRWUMA5
liverpool,Thursday 1 October 2026,True,14:45,15:30,Ms Despoina Pantazi,0014J00000eZ2xNQAS,Female,a0Ow000000CI9ULEA1,a0WPz00000TNRWUMA5
liverpool,Tuesday 6 October 2026,True,08:00,08:45,Ms Despoina Pantazi,0014J00000eZ2xNQAS,Female,a0Ow000000CI9ULEA1,a0WPz00000TNRVEMA5
liverpool,Tuesday 6 October 2026,True,10:00,10:45,Mr Jamie Gardner,001w00000161aWFAAY,Male,a0Ow000000CI9ULEA1,a0WPz00000VFJq8MAH
liverpool,Tuesday 6 October 2026,True,10:45,11:30,Mr Jamie Gardner,001w00000161aWFAAY,Male,a0Ow000000CI9ULEA1,a0WPz00000VFJq8MAH
liverpool,Tuesday 6 October 2026,True,12:30,13:15,Ms Despoina Pantazi,0014J00000eZ2xNQAS,Female,a0Ow000000CI9ULEA1,a0WPz00000TNRVTMA5
liverpool,Tuesday 6 October 2026,True,13:15,14:00,Ms Despoina Pantazi,0014J00000eZ2xNQAS,Female,a0Ow000000CI9ULEA1,a0WPz00000TNRVTMA5
liverpool,Tuesday 6 October 2026,True,14:15,15:00,Ms Despoina Pantazi,0014J00000eZ2xNQAS,Female,a0Ow000000CI9ULEA1,a0WPz00000TNRVTMA5
liverpool,Tuesday 6 October 2026,True,15:00,15:45,Mr Jamie Gardner,001w00000161aWFAAY,Male,a0Ow000000CI9ULEA1,a0WPz00000VFJqQMAX
liverpool,Tuesday 6 October 2026,True,15:45,16:30,Mr Jamie Gardner,001w00000161aWFAAY,Male,a0Ow000000CI9ULEA1,a0WPz00000VFJqQMAX
liverpool,Wednesday 7 October 2026,True,09:30,10:15,Ms Despoina Pantazi,0014J00000eZ2xNQAS,Female,a0Ow000000CI9ULEA1,a0WPz00000TNRVjMAP
liverpool,Wednesday 7 October 2026,True,11:30,12:15,Ms Despoina Pantazi,0014J00000eZ2xNQAS,Female,a0Ow000000CI9ULEA1,a0WPz00000TNRVjMAP
liverpool,Wednesday 7 October 2026,True,15:00,15:45,Ms Despoina Pantazi,0014J00000eZ2xNQAS,Female,a0Ow000000CI9ULEA1,a0WPz00000TNRVzMAP
liverpool,Thursday 8 October 2026,True,08:30,09:15,Ms Despoina Pantazi,0014J00000eZ2xNQAS,Female,a0Ow000000CI9ULEA1,a0WPz00000TNRWFMA5
liverpool,Thursday 8 October 2026,True,09:15,10:00,Ms Despoina Pantazi,0014J00000eZ2xNQAS,Female,a0Ow000000CI9ULEA1,a0WPz00000TNRWFMA5
liverpool,Thursday 8 October 2026,True,11:00,11:45,Ms Despoina Pantazi,0014J00000eZ2xNQAS,Female,a0Ow000000CI9ULEA1,a0WPz00000TNRWFMA5
liverpool,Thursday 8 October 2026,True,14:45,15:30,Ms Despoina Pantazi,0014J00000eZ2xNQAS,Female,a0Ow000000CI9ULEA1,a0WPz00000TNRWVMA5
liverpool,Thursday 8 October 2026,True,15:30,16:15,Ms Despoina Pantazi,0014J00000eZ2xNQAS,Female,a0Ow000000CI9ULEA1,a0WPz00000TNRWVMA5
liverpool,Friday 9 October 2026,True,08:30,09:15,Ms Despoina Pantazi,0014J00000eZ2xNQAS,Female,a0Ow000000CI9ULEA1,a0WPz00000QcuTyMAJ
liverpool,Friday 9 October 2026,True,09:15,10:00,Ms Despoina Pantazi,0014J00000eZ2xNQAS,Female,a0Ow000000CI9ULEA1,a0WPz00000QcuTyMAJ
liverpool,Friday 9 October 2026,True,10:00,10:45,Ms Despoina Pantazi,0014J00000eZ2xNQAS,Female,a0Ow000000CI9ULEA1,a0WPz00000QcuTyMAJ
liverpool,Friday 9 October 2026,True,10:45,11:30,Ms Despoina Pantazi,0014J00000eZ2xNQAS,Female,a0Ow000000CI9ULEA1,a0WPz00000QcuTyMAJ
liverpool,Tuesday 13 October 2026,True,08:00,08:45,Ms Despoina Pantazi,0014J00000eZ2xNQAS,Female,a0Ow000000CI9ULEA1,a0WPz00000TNRVFMA5
liverpool,Tuesday 13 October 2026,True,08:45,09:30,Ms Despoina Pantazi,0014J00000eZ2xNQAS,Female,a0Ow000000CI9ULEA1,a0WPz00000TNRVFMA5
liverpool,Tuesday 13 October 2026,True,10:30,11:15,Ms Despoina Pantazi,0014J00000eZ2xNQAS,Female,a0Ow000000CI9ULEA1,a0WPz00000TNRVFMA5
liverpool,Tuesday 13 October 2026,True,09:30,10:15,Mr Jamie Gardner,001w00000161aWFAAY,Male,a0Ow000000CI9ULEA1,a0WPz00000VFJq9MAH
liverpool,Tuesday 13 October 2026,True,10:15,11:00,Mr Jamie Gardner,001w00000161aWFAAY,Male,a0Ow000000CI9ULEA1,a0WPz00000VFJq9MAH
liverpool,Tuesday 13 October 2026,True,11:00,11:45,Mr Jamie Gardner,001w00000161aWFAAY,Male,a0Ow000000CI9ULEA1,a0WPz00000VFJq9MAH
liverpool,Tuesday 13 October 2026,True,11:45,12:30,Mr Jamie Gardner,001w00000161aWFAAY,Male,a0Ow000000CI9ULEA1,a0WPz00000VFJq9MAH
liverpool,Tuesday 13 October 2026,True,12:30,13:15,Mr Jamie Gardner,001w00000161aWFAAY,Male,a0Ow000000CI9ULEA1,a0WPz00000VFJq9MAH
liverpool,Tuesday 13 October 2026,True,12:30,13:15,Ms Despoina Pantazi,0014J00000eZ2xNQAS,Female,a0Ow000000CI9ULEA1,a0WPz00000TNRVUMA5
liverpool,Tuesday 13 October 2026,True,13:15,14:00,Ms Despoina Pantazi,0014J00000eZ2xNQAS,Female,a0Ow000000CI9ULEA1,a0WPz00000TNRVUMA5
liverpool,Tuesday 13 October 2026,True,14:45,15:30,Ms Despoina Pantazi,0014J00000eZ2xNQAS,Female,a0Ow000000CI9ULEA1,a0WPz00000TNRVUMA5
liverpool,Tuesday 13 October 2026,True,14:30,15:15,Mr Jamie Gardner,001w00000161aWFAAY,Male,a0Ow000000CI9ULEA1,a0WPz00000VFJqRMAX
liverpool,Tuesday 13 October 2026,True,15:15,16:00,Mr Jamie Gardner,001w00000161aWFAAY,Male,a0Ow000000CI9ULEA1,a0WPz00000VFJqRMAX
london-city,Thursday 1 October 2026,True,14:15,15:00,Mr Tim Holman,0014J00000kqp0NQAQ,Male,a0O2000000AeJCgEAN,a0WPz00000TwroVMAR
london-city,Monday 5 October 2026,True,08:00,08:45,Mr Simon Webster,00120000010rxjYAAQ,Male,a0O2000000AeJCgEAN,a0WPz00000QnDLzMAN
london-city,Monday 5 October 2026,True,08:45,09:30,Mr Simon Webster,00120000010rxjYAAQ,Male,a0O2000000AeJCgEAN,a0WPz00000QnDLzMAN
london-city,Monday 5 October 2026,True,10:00,10:45,Mr Simon Webster,00120000010rxjYAAQ,Male,a0O2000000AeJCgEAN,a0WPz00000QnDLzMAN
london-city,Tuesday 6 October 2026,True,07:30,08:15,Mr Simon Webster,00120000010rxjYAAQ,Male,a0O2000000AeJCgEAN,a0WPz00000QnDM0MAN
london-city,Tuesday 6 October 2026,True,08:15,09:00,Mr Simon Webster,00120000010rxjYAAQ,Male,a0O2000000AeJCgEAN,a0WPz00000QnDM0MAN
london-city,Tuesday 6 October 2026,True,09:45,10:30,Mr Simon Webster,00120000010rxjYAAQ,Male,a0O2000000AeJCgEAN,a0WPz00000QnDM0MAN
london-city,Tuesday 6 October 2026,True,09:30,10:15,Ms Jessica Burn,0012X00001qW9eHQAS,Female,a0O2000000AeJCgEAN,a0WPz00000QyyxZMAR
london-city,Tuesday 6 October 2026,True,10:15,11:00,Ms Jessica Burn,0012X00001qW9eHQAS,Female,a0O2000000AeJCgEAN,a0WPz00000QyyxZMAR
london-city,Tuesday 6 October 2026,True,11:00,11:45,Ms Jessica Burn,0012X00001qW9eHQAS,Female,a0O2000000AeJCgEAN,a0WPz00000QyyxZMAR
london-city,Tuesday 6 October 2026,True,09:00,09:45,Mr Tim Holman,0014J00000kqp0NQAQ,Male,a0O2000000AeJCgEAN,a0WPz00000Twro8MAB
london-city,Tuesday 6 October 2026,True,10:30,11:15,Mr Tim Holman,0014J00000kqp0NQAQ,Male,a0O2000000AeJCgEAN,a0WPz00000Twro8MAB
london-city,Tuesday 6 October 2026,True,14:15,15:00,Mr Simon Webster,00120000010rxjYAAQ,Male,a0O2000000AeJCgEAN,a0WPz00000QnDMjMAN
london-city,Tuesday 6 October 2026,True,15:00,15:45,Mr Tim Holman,0014J00000kqp0NQAQ,Male,a0O2000000AeJCgEAN,a0WPz00000TwroWMAR
london-city,Tuesday 6 October 2026,True,15:45,16:30,Mr Tim Holman,0014J00000kqp0NQAQ,Male,a0O2000000AeJCgEAN,a0WPz00000TwroWMAR
london-city,Wednesday 7 October 2026,True,09:00,09:45,Ms Jessica Burn,0012X00001qW9eHQAS,Female,a0O2000000AeJCgEAN,a0WPz00000QyyxaMAB
london-city,Wednesday 7 October 2026,True,09:45,10:30,Ms Jessica Burn,0012X00001qW9eHQAS,Female,a0O2000000AeJCgEAN,a0WPz00000QyyxaMAB
london-city,Wednesday 7 October 2026,True,10:30,11:15,Ms Jessica Burn,0012X00001qW9eHQAS,Female,a0O2000000AeJCgEAN,a0WPz00000QyyxaMAB
london-city,Wednesday 7 October 2026,True,13:45,14:30,Ms Jessica Burn,0012X00001qW9eHQAS,Female,a0O2000000AeJCgEAN,a0WPz00000QyyyYMAR
london-city,Wednesday 7 October 2026,True,14:30,15:15,Ms Jessica Burn,0012X00001qW9eHQAS,Female,a0O2000000AeJCgEAN,a0WPz00000QyyyYMAR
london-city,Thursday 8 October 2026,True,07:30,08:15,Mr Simon Webster,00120000010rxjYAAQ,Male,a0O2000000AeJCgEAN,a0WPz00000QnDM1MAN
london-city,Thursday 8 October 2026,True,10:30,11:15,Mr Tim Holman,0014J00000kqp0NQAQ,Male,a0O2000000AeJCgEAN,a0WPz00000Twro9MAB
london-city,Thursday 8 October 2026,True,12:00,12:45,Mr Tim Holman,0014J00000kqp0NQAQ,Male,a0O2000000AeJCgEAN,a0WPz00000Twro9MAB
london-city,Thursday 8 October 2026,True,12:45,13:30,Mr Tim Holman,0014J00000kqp0NQAQ,Male,a0O2000000AeJCgEAN,a0WPz00000Twro9MAB
london-city,Thursday 8 October 2026,True,12:00,12:45,Mr Simon Webster,00120000010rxjYAAQ,Male,a0O2000000AeJCgEAN,a0WPz00000QnDMkMAN
london-city,Thursday 8 October 2026,True,14:30,15:15,Ms Jessica Burn,0012X00001qW9eHQAS,Female,a0O2000000AeJCgEAN,a0WPz00000QyyyZMAR
london-city,Thursday 8 October 2026,True,14:30,15:15,Mr Tim Holman,0014J00000kqp0NQAQ,Male,a0O2000000AeJCgEAN,a0WPz00000TwroXMAR
london-city,Thursday 8 October 2026,True,15:15,16:00,Mr Tim Holman,0014J00000kqp0NQAQ,Male,a0O2000000AeJCgEAN,a0WPz00000TwroXMAR
london-city,Thursday 8 October 2026,True,17:00,17:45,Mr Tim Holman,0014J00000kqp0NQAQ,Male,a0O2000000AeJCgEAN,a0WPz00000TwroXMAR
london-city,Monday 12 October 2026,True,09:00,09:45,Mr Simon Webster,00120000010rxjYAAQ,Male,a0O2000000AeJCgEAN,a0WPz00000VdbrqMAB
london-city,Monday 12 October 2026,True,12:00,12:45,Mr Simon Webster,00120000010rxjYAAQ,Male,a0O2000000AeJCgEAN,a0WTw000003eRO7MAM
london-city,Monday 12 October 2026,True,12:45,13:30,Mr Simon Webster,00120000010rxjYAAQ,Male,a0O2000000AeJCgEAN,a0WTw000003eRO7MAM
london-city,Tuesday 13 October 2026,True,09:30,10:15,Ms Jessica Burn,0012X00001qW9eHQAS,Female,a0O2000000AeJCgEAN,a0WPz00000QyyxdMAB
london-city,Tuesday 13 October 2026,True,10:15,11:00,Ms Jessica Burn,0012X00001qW9eHQAS,Female,a0O2000000AeJCgEAN,a0WPz00000QyyxdMAB
london-city,Tuesday 13 October 2026,True,11:00,11:45,Ms Jessica Burn,0012X00001qW9eHQAS,Female,a0O2000000AeJCgEAN,a0WPz00000QyyxdMAB
london-city,Tuesday 13 October 2026,True,12:00,12:45,Mr Simon Webster,00120000010rxjYAAQ,Male,a0O2000000AeJCgEAN,a0WPz00000Ve5R7MAJ
london-city,Tuesday 13 October 2026,True,13:30,14:15,Mr Simon Webster,00120000010rxjYAAQ,Male,a0O2000000AeJCgEAN,a0WPz00000Ve5R7MAJ
london-city,Tuesday 13 October 2026,True,14:15,15:00,Mr Simon Webster,00120000010rxjYAAQ,Male,a0O2000000AeJCgEAN,a0WPz00000Ve5R7MAJ
london-west-end,Tuesday 6 October 2026,True,12:30,13:15,Ms Deborah Newton-Salam,00120000010rxVzAAI,Female,a0O2000000AeJMcEAN,a0WPz00000Qn9eXMAR
london-west-end,Wednesday 7 October 2026,True,08:30,09:15,Niklas Antcliff,0014J00000lANKvQAO,Male,a0O2000000AeJMcEAN,a0WTw000003lW3dMAE
london-west-end,Wednesday 7 October 2026,True,09:15,10:00,Niklas Antcliff,0014J00000lANKvQAO,Male,a0O2000000AeJMcEAN,a0WTw000003lW3dMAE
london-west-end,Wednesday 7 October 2026,True,10:00,10:45,Niklas Antcliff,0014J00000lANKvQAO,Male,a0O2000000AeJMcEAN,a0WTw000003lW3dMAE
london-west-end,Wednesday 7 October 2026,True,10:45,11:30,Niklas Antcliff,0014J00000lANKvQAO,Male,a0O2000000AeJMcEAN,a0WTw000003lW3dMAE
london-west-end,Wednesday 7 October 2026,True,11:30,12:15,Niklas Antcliff,0014J00000lANKvQAO,Male,a0O2000000AeJMcEAN,a0WTw000003lW3dMAE
london-west-end,Wednesday 7 October 2026,True,13:30,14:15,Niklas Antcliff,0014J00000lANKvQAO,Male,a0O2000000AeJMcEAN,a0WTw000003lW3pMAE
london-west-end,Wednesday 7 October 2026,True,14:15,15:00,Niklas Antcliff,0014J00000lANKvQAO,Male,a0O2000000AeJMcEAN,a0WTw000003lW3pMAE
london-west-end,Wednesday 7 October 2026,True,15:00,15:45,Niklas Antcliff,0014J00000lANKvQAO,Male,a0O2000000AeJMcEAN,a0WTw000003lW3pMAE
london-west-end,Wednesday 7 October 2026,True,15:45,16:30,Niklas Antcliff,0014J00000lANKvQAO,Male,a0O2000000AeJMcEAN,a0WTw000003lW3pMAE
london-west-end,Tuesday 13 October 2026,True,11:00,11:45,Ms Deborah Newton-Salam,00120000010rxVzAAI,Female,a0O2000000AeJMcEAN,a0WPz00000Qn9eYMAR
london-west-end,Tuesday 13 October 2026,True,12:30,13:15,Ms Deborah Newton-Salam,00120000010rxVzAAI,Female,a0O2000000AeJMcEAN,a0WPz00000Qn9eYMAR
london-west-end,Tuesday 13 October 2026,True,14:00,14:45,Ms Deborah Newton-Salam,00120000010rxVzAAI,Female,a0O2000000AeJMcEAN,a0WPz00000Qn9esMAB
mihp,Monday 5 October 2026,True,10:30,11:15,Mr Adam Bellis,00120000010rxejAAA,Male,a0O4J000005spFbUAI,a0WPz00000SCMH4MAP
mihp,Monday 5 October 2026,True,11:15,12:00,Mr Adam Bellis,00120000010rxejAAA,Male,a0O4J000005spFbUAI,a0WPz00000SCMH4MAP
mihp,Monday 5 October 2026,True,12:00,12:45,Mr Adam Bellis,00120000010rxejAAA,Male,a0O4J000005spFbUAI,a0WPz00000SCMH4MAP
mihp,Monday 5 October 2026,True,16:00,16:45,Mr Adam Bellis,00120000010rxejAAA,Male,a0O4J000005spFbUAI,a0WPz00000SCMHKMA5
mihp,Wednesday 7 October 2026,True,10:30,11:15,Mr Adam Bellis,00120000010rxejAAA,Male,a0O4J000005spFbUAI,a0WPz00000SCOGAMA5
mihp,Wednesday 7 October 2026,True,14:00,14:45,Mr Adam Bellis,00120000010rxejAAA,Male,a0O4J000005spFbUAI,a0WPz00000SCOGQMA5
mihp,Wednesday 7 October 2026,True,14:45,15:30,Mr Adam Bellis,00120000010rxejAAA,Male,a0O4J000005spFbUAI,a0WPz00000SCOGQMA5
mihp,Monday 12 October 2026,True,11:30,12:15,Mr Adam Bellis,00120000010rxejAAA,Male,a0O4J000005spFbUAI,a0WTw000003YI0nMAG
mihp,Monday 12 October 2026,True,12:15,13:00,Mr Adam Bellis,00120000010rxejAAA,Male,a0O4J000005spFbUAI,a0WTw000003YI0nMAG
mihp,Monday 12 October 2026,True,14:30,15:15,Mr Adam Bellis,00120000010rxejAAA,Male,a0O4J000005spFbUAI,a0WTw000003YICsMAO
mihp,Monday 12 October 2026,True,15:15,16:00,Mr Adam Bellis,00120000010rxejAAA,Male,a0O4J000005spFbUAI,a0WTw000003YICsMAO
manchester-printworks,Monday 5 October 2026,True,10:15,11:00,Ms Alison Bugg,001w000001bd0BLAAY,Female,a0Ow000000EqNiuEAF,a0WPz00000VHJELMA5
manchester-printworks,Monday 5 October 2026,True,11:00,11:45,Ms Alison Bugg,001w000001bd0BLAAY,Female,a0Ow000000EqNiuEAF,a0WPz00000VHJELMA5
manchester-printworks,Monday 5 October 2026,True,14:15,15:00,Ms Alison Bugg,001w000001bd0BLAAY,Female,a0Ow000000EqNiuEAF,a0WPz00000VHJEfMAP
manchester-printworks,Monday 5 October 2026,True,15:15,16:00,Ms Alison Bugg,001w000001bd0BLAAY,Female,a0Ow000000EqNiuEAF,a0WPz00000VHJEfMAP
manchester-printworks,Monday 12 October 2026,True,08:30,09:15,Ms Alison Bugg,001w000001bd0BLAAY,Female,a0Ow000000EqNiuEAF,a0WPz00000VHJEMMA5
manchester-printworks,Monday 12 October 2026,True,09:15,10:00,Ms Alison Bugg,001w000001bd0BLAAY,Female,a0Ow000000EqNiuEAF,a0WPz00000VHJEMMA5
manchester-printworks,Monday 12 October 2026,True,10:30,11:15,Ms Alison Bugg,001w000001bd0BLAAY,Female,a0Ow000000EqNiuEAF,a0WPz00000VHJEMMA5
manchester-printworks,Monday 12 October 2026,True,15:15,16:00,Ms Alison Bugg,001w000001bd0BLAAY,Female,a0Ow000000EqNiuEAF,a0WPz00000VHJEgMAP
manchester-printworks,Tuesday 13 October 2026,True,08:30,09:15,Ms Alison Bugg,001w000001bd0BLAAY,Female,a0Ow000000EqNiuEAF,a0WPz00000VHJF0MAP
manchester-printworks,Tuesday 13 October 2026,True,09:15,10:00,Ms Alison Bugg,001w000001bd0BLAAY,Female,a0Ow000000EqNiuEAF,a0WPz00000VHJF0MAP
manchester-printworks,Tuesday 13 October 2026,True,10:30,11:15,Ms Alison Bugg,001w000001bd0BLAAY,Female,a0Ow000000EqNiuEAF,a0WPz00000VHJF0MAP
manchester-printworks,Tuesday 13 October 2026,True,11:15,12:00,Ms Alison Bugg,001w000001bd0BLAAY,Female,a0Ow000000EqNiuEAF,a0WPz00000VHJF0MAP
milngavie,Friday 9 October 2026,True,09:00,09:45,Mr Connor Scott,001Pz000007s0aFIAQ,Male,a0Ow000000KKqUuEAL,a0WPz00000TZsTVMA1
milngavie,Friday 9 October 2026,True,12:30,13:15,Mr Connor Scott,001Pz000007s0aFIAQ,Male,a0Ow000000KKqUuEAL,a0WPz00000TZsTkMAL
milngavie,Friday 9 October 2026,True,13:15,14:00,Mr Connor Scott,001Pz000007s0aFIAQ,Male,a0Ow000000KKqUuEAL,a0WPz00000TZsTkMAL
milngavie,Friday 9 October 2026,True,14:00,14:45,Mr Connor Scott,001Pz000007s0aFIAQ,Male,a0Ow000000KKqUuEAL,a0WPz00000TZsTkMAL
milngavie,Tuesday 13 October 2026,True,17:30,18:15,Mr Connor Scott,001Pz000007s0aFIAQ,Male,a0Ow000000KKqUuEAL,a0WPz00000TyFbbMAF
milngavie,Tuesday 13 October 2026,True,18:15,19:00,Mr Connor Scott,001Pz000007s0aFIAQ,Male,a0Ow000000KKqUuEAL,a0WPz00000TyFbbMAF
milton-keynes,Tuesday 6 October 2026,True,12:00,12:45,Miss Eleena Komur,001Pz00000uhGyyIAE,Female,a0Ow000000EqNizEAF,a0WTw000003ZynzMAC
milton-keynes,Tuesday 6 October 2026,True,13:30,14:15,Miss Eleena Komur,001Pz00000uhGyyIAE,Female,a0Ow000000EqNizEAF,a0WTw000003ZynzMAC
milton-keynes,Tuesday 6 October 2026,True,14:15,15:00,Miss Eleena Komur,001Pz00000uhGyyIAE,Female,a0Ow000000EqNizEAF,a0WTw000003ZynzMAC
milton-keynes,Friday 9 October 2026,True,09:30,10:15,Miss Eleena Komur,001Pz00000uhGyyIAE,Female,a0Ow000000EqNizEAF,a0WPz00000UPLWwMAP
milton-keynes,Friday 9 October 2026,True,14:30,15:15,Miss Eleena Komur,001Pz00000uhGyyIAE,Female,a0Ow000000EqNizEAF,a0WPz00000UPLX8MAP
milton-keynes,Tuesday 13 October 2026,True,12:00,12:45,Miss Eleena Komur,001Pz00000uhGyyIAE,Female,a0Ow000000EqNizEAF,a0WTw000003Zyo0MAC
milton-keynes,Tuesday 13 October 2026,True,12:45,13:30,Miss Eleena Komur,001Pz00000uhGyyIAE,Female,a0Ow000000EqNizEAF,a0WTw000003Zyo0MAC
milton-keynes,Tuesday 13 October 2026,True,13:30,14:15,Miss Eleena Komur,001Pz00000uhGyyIAE,Female,a0Ow000000EqNizEAF,a0WTw000003Zyo0MAC
milton-keynes,Tuesday 13 October 2026,True,14:15,15:00,Miss Eleena Komur,001Pz00000uhGyyIAE,Female,a0Ow000000EqNizEAF,a0WTw000003Zyo0MAC
milton-keynes,Tuesday 13 October 2026,True,16:30,17:15,Miss Eleena Komur,001Pz00000uhGyyIAE,Female,a0Ow000000EqNizEAF,a0WTw000003ZyoCMAS
milton-keynes,Tuesday 13 October 2026,True,17:15,18:00,Miss Eleena Komur,001Pz00000uhGyyIAE,Female,a0Ow000000EqNizEAF,a0WTw000003ZyoCMAS
milton-keynes,Tuesday 13 October 2026,True,18:00,18:45,Miss Eleena Komur,001Pz00000uhGyyIAE,Female,a0Ow000000EqNizEAF,a0WTw000003ZyoCMAS
milton-keynes,Tuesday 13 October 2026,True,18:45,19:30,Miss Eleena Komur,001Pz00000uhGyyIAE,Female,a0Ow000000EqNizEAF,a0WTw000003ZyoCMAS
moorgate,Monday 5 October 2026,True,13:15,14:00,Mrs Emily Potter,00120000010v5k1AAA,Female,a0Ow000000GSYngEAH,a0WPz00000UI1uoMAD
moorgate,Monday 5 October 2026,True,14:00,14:45,Mrs Emily Potter,00120000010v5k1AAA,Female,a0Ow000000GSYngEAH,a0WPz00000UI1uoMAD
moorgate,Monday 5 October 2026,True,14:45,15:30,Mrs Emily Potter,00120000010v5k1AAA,Female,a0Ow000000GSYngEAH,a0WPz00000UI1uoMAD
moorgate,Monday 5 October 2026,True,17:00,17:45,Mr Robert Emes,001200000117rPZAAY,Male,a0Ow000000GSYngEAH,a0WPz00000Sg0vVMAR
moorgate,Tuesday 6 October 2026,True,09:30,10:15,Mr Robert Emes,001200000117rPZAAY,Male,a0Ow000000GSYngEAH,a0WPz00000Sg16EMAR
moorgate,Tuesday 6 October 2026,True,12:30,13:15,Mr Robert Emes,001200000117rPZAAY,Male,a0Ow000000GSYngEAH,a0WPz00000Sg16WMAR
moorgate,Wednesday 7 October 2026,True,10:00,10:45,Mr Robert Emes,001200000117rPZAAY,Male,a0Ow000000GSYngEAH,a0WPz00000Sg1KXMAZ
moorgate,Wednesday 7 October 2026,True,14:00,14:45,Mrs Emily Potter,00120000010v5k1AAA,Female,a0Ow000000GSYngEAH,a0WPz00000UI1upMAD
moorgate,Wednesday 7 October 2026,True,14:45,15:30,Mrs Emily Potter,00120000010v5k1AAA,Female,a0Ow000000GSYngEAH,a0WPz00000UI1upMAD
moorgate,Wednesday 7 October 2026,True,13:45,14:30,Mr Robert Emes,001200000117rPZAAY,Male,a0Ow000000GSYngEAH,a0WPz00000Sg1KoMAJ
moorgate,Wednesday 7 October 2026,True,15:00,15:45,Mr Robert Emes,001200000117rPZAAY,Male,a0Ow000000GSYngEAH,a0WPz00000Sg1KoMAJ
moorgate,Friday 9 October 2026,True,11:00,11:45,Mr Alex Bush,001w000001MY9dUAAT,Male,a0Ow000000GSYngEAH,a0WPz00000SiRHiMAN
moorgate,Friday 9 October 2026,True,13:00,13:45,Mr Robert Emes,001200000117rPZAAY,Male,a0Ow000000GSYngEAH,a0WPz00000Sg1LdMAJ
moorgate,Friday 9 October 2026,True,13:45,14:30,Mr Robert Emes,001200000117rPZAAY,Male,a0Ow000000GSYngEAH,a0WPz00000Sg1LdMAJ
moorgate,Friday 9 October 2026,True,14:30,15:15,Mr Robert Emes,001200000117rPZAAY,Male,a0Ow000000GSYngEAH,a0WPz00000Sg1LdMAJ
moorgate,Monday 12 October 2026,True,08:30,09:15,Mr Alex Bush,001w000001MY9dUAAT,Male,a0Ow000000GSYngEAH,a0WPz00000ShuBvMAJ
moorgate,Monday 12 October 2026,True,09:15,10:00,Mr Alex Bush,001w000001MY9dUAAT,Male,a0Ow000000GSYngEAH,a0WPz00000ShuBvMAJ
moorgate,Monday 12 October 2026,True,11:30,12:15,Mr Alex Bush,001w000001MY9dUAAT,Male,a0Ow000000GSYngEAH,a0WPz00000ShuBvMAJ
moorgate,Monday 12 October 2026,True,12:15,13:00,Mr Alex Bush,001w000001MY9dUAAT,Male,a0Ow000000GSYngEAH,a0WPz00000ShuBvMAJ
moorgate,Monday 12 October 2026,True,13:00,13:45,Mr Robert Emes,001200000117rPZAAY,Male,a0Ow000000GSYngEAH,a0WPz00000Sg0vFMAR
moorgate,Monday 12 October 2026,True,13:45,14:30,Mr Robert Emes,001200000117rPZAAY,Male,a0Ow000000GSYngEAH,a0WPz00000Sg0vFMAR
moorgate,Monday 12 October 2026,True,14:00,14:45,Mr Alex Bush,001w000001MY9dUAAT,Male,a0Ow000000GSYngEAH,a0WPz00000ShuCXMAZ
moorgate,Monday 12 October 2026,True,16:00,16:45,Mr Robert Emes,001200000117rPZAAY,Male,a0Ow000000GSYngEAH,a0WPz00000Sg0vWMAR
moorgate,Monday 12 October 2026,True,16:45,17:30,Mr Robert Emes,001200000117rPZAAY,Male,a0Ow000000GSYngEAH,a0WPz00000Sg0vWMAR
moorgate,Tuesday 13 October 2026,True,09:30,10:15,Mr Alex Bush,001w000001MY9dUAAT,Male,a0Ow000000GSYngEAH,a0WPz00000ShuCAMAZ
moorgate,Tuesday 13 October 2026,True,10:15,11:00,Mr Alex Bush,001w000001MY9dUAAT,Male,a0Ow000000GSYngEAH,a0WPz00000ShuCAMAZ
moorgate,Tuesday 13 October 2026,True,11:30,12:15,Mr Alex Bush,001w000001MY9dUAAT,Male,a0Ow000000GSYngEAH,a0WPz00000ShuCAMAZ
moorgate,Tuesday 13 October 2026,True,14:00,14:45,Mr Alex Bush,001w000001MY9dUAAT,Male,a0Ow000000GSYngEAH,a0WPz00000ShuCYMAZ
newbury,Tuesday 6 October 2026,True,12:30,13:15,Mrs Shelley Hampson,001w000001glpMrAAI,Female,a0O2000000AeJH2EAN,a0WPz00000RV1umMAD
newbury,Thursday 8 October 2026,True,11:45,12:30,Mrs Shelley Hampson,001w000001glpMrAAI,Female,a0O2000000AeJH2EAN,a0WPz00000RV1S0MAL
newbury,Friday 9 October 2026,True,10:00,10:45,Mrs Cathy Godwin,0014J00000his6HQAQ,Female,a0O2000000AeJH2EAN,a0WPz00000UQ2HuMAL
newbury,Tuesday 13 October 2026,True,10:30,11:15,Mrs Cathy Godwin,0014J00000his6HQAQ,Female,a0O2000000AeJH2EAN,a0WPz00000UQ1k3MAD
newbury,Tuesday 13 October 2026,True,13:15,14:00,Mrs Cathy Godwin,0014J00000his6HQAQ,Female,a0O2000000AeJH2EAN,a0WPz00000UQ1k3MAD
newcastle,Wednesday 7 October 2026,True,08:30,09:15,Mr Robert Salter,0014J00000j2S9GQAU,Male,a0O2000000AeJHgEAN,a0WPz00000VUkDLMA1
newcastle,Monday 12 October 2026,True,09:15,10:00,Mrs Joanne Fletcher,00120000010rxeYAAQ,Female,a0O2000000AeJHgEAN,a0WPz00000UCNo6MAH
newcastle,Monday 12 October 2026,True,10:00,10:45,Mrs Joanne Fletcher,00120000010rxeYAAQ,Female,a0O2000000AeJHgEAN,a0WPz00000UCNo6MAH
newcastle,Monday 12 October 2026,True,10:45,11:30,Mrs Joanne Fletcher,00120000010rxeYAAQ,Female,a0O2000000AeJHgEAN,a0WPz00000UCNo6MAH
newcastle,Monday 12 October 2026,True,12:00,12:45,Mr Robert Salter,0014J00000j2S9GQAU,Male,a0O2000000AeJHgEAN,a0WPz00000VUkDkMAL
newcastle,Monday 12 October 2026,True,13:30,14:15,Mrs Joanne Fletcher,00120000010rxeYAAQ,Female,a0O2000000AeJHgEAN,a0WPz00000UCNoIMAX
newcastle,Monday 12 October 2026,True,14:15,15:00,Mrs Joanne Fletcher,00120000010rxeYAAQ,Female,a0O2000000AeJHgEAN,a0WPz00000UCNoIMAX
newcastle,Monday 12 October 2026,True,15:30,16:15,Mr Callum Hurst,001Tw00000vGKBeIAO,Male,a0O2000000AeJHgEAN,a0WTw000003iybRMAQ
newcastle,Monday 12 October 2026,True,16:45,17:30,Mr Callum Hurst,001Tw00000vGKBeIAO,Male,a0O2000000AeJHgEAN,a0WTw000003iybRMAQ
newcastle,Monday 12 October 2026,True,16:00,16:45,Mr Robert Salter,0014J00000j2S9GQAU,Male,a0O2000000AeJHgEAN,a0WPz00000VUkDqMAL
newcastle,Tuesday 13 October 2026,True,08:00,08:45,Mr Callum Hurst,001Tw00000vGKBeIAO,Male,a0O2000000AeJHgEAN,a0WTw000003ivCbMAI
newcastle,Tuesday 13 October 2026,True,08:45,09:30,Mr Callum Hurst,001Tw00000vGKBeIAO,Male,a0O2000000AeJHgEAN,a0WTw000003ivCbMAI
newcastle,Tuesday 13 October 2026,True,11:00,11:45,Mrs Helen Altunsoy,00120000010rxPzAAI,Female,a0O2000000AeJHgEAN,a0WTw000003WSicMAG
newcastle,Tuesday 13 October 2026,True,14:00,14:45,Mr Ross Shepherd,0014J00000lA8OdQAK,Male,a0O2000000AeJHgEAN,a0WPz00000QcfW5MAJ
newcastle,Tuesday 13 October 2026,True,14:00,14:45,Mrs Helen Altunsoy,00120000010rxPzAAI,Female,a0O2000000AeJHgEAN,a0WTw000003WSieMAG
newcastle,Tuesday 13 October 2026,True,14:45,15:30,Mrs Helen Altunsoy,00120000010rxPzAAI,Female,a0O2000000AeJHgEAN,a0WTw000003WSieMAG
norbury,Thursday 1 October 2026,True,08:00,08:45,Ms Charlene Weeks (18+),0012X00001qVNUrQAO,Female,a0Ow000000CI0jiEAD,a0WPz00000RIUjeMAH
norbury,Thursday 1 October 2026,True,10:45,11:30,Ms Charlene Weeks (18+),0012X00001qVNUrQAO,Female,a0Ow000000CI0jiEAD,a0WPz00000OBQyJMAX
norbury,Tuesday 6 October 2026,True,08:00,08:45,Ms Charlene Weeks (18+),0012X00001qVNUrQAO,Female,a0Ow000000CI0jiEAD,a0WPz00000OBQyKMAX
norbury,Tuesday 6 October 2026,True,08:45,09:30,Ms Charlene Weeks (18+),0012X00001qVNUrQAO,Female,a0Ow000000CI0jiEAD,a0WPz00000OBQyKMAX
norbury,Tuesday 6 October 2026,True,10:00,10:45,Ms Charlene Weeks (18+),0012X00001qVNUrQAO,Female,a0Ow000000CI0jiEAD,a0WPz00000OBQyKMAX
norbury,Tuesday 6 October 2026,True,10:45,11:30,Ms Charlene Weeks (18+),0012X00001qVNUrQAO,Female,a0Ow000000CI0jiEAD,a0WPz00000OBQyKMAX
norbury,Thursday 8 October 2026,True,08:45,09:30,Ms Charlene Weeks (18+),0012X00001qVNUrQAO,Female,a0Ow000000CI0jiEAD,a0WPz00000RIUjfMAH
norbury,Tuesday 13 October 2026,True,08:00,08:45,Ms Charlene Weeks (18+),0012X00001qVNUrQAO,Female,a0Ow000000CI0jiEAD,a0WPz00000OBQyMMAX
norbury,Tuesday 13 October 2026,True,08:45,09:30,Ms Charlene Weeks (18+),0012X00001qVNUrQAO,Female,a0Ow000000CI0jiEAD,a0WPz00000OBQyMMAX
norbury,Tuesday 13 October 2026,True,09:30,10:15,Ms Charlene Weeks (18+),0012X00001qVNUrQAO,Female,a0Ow000000CI0jiEAD,a0WPz00000OBQyMMAX
norbury,Tuesday 13 October 2026,True,10:15,11:00,Ms Charlene Weeks (18+),0012X00001qVNUrQAO,Female,a0Ow000000CI0jiEAD,a0WPz00000OBQyMMAX
norwich,Saturday 3 October 2026,True,08:00,08:45,Alaine Capalad,001Pz000017Oy6bIAC,Female,a0Ow000000CI0jmEAD,a0WPz00000VNB7wMAH
norwich,Saturday 3 October 2026,True,08:45,09:30,Alaine Capalad,001Pz000017Oy6bIAC,Female,a0Ow000000CI0jmEAD,a0WPz00000VNB7wMAH
norwich,Saturday 3 October 2026,True,10:15,11:00,Alaine Capalad,001Pz000017Oy6bIAC,Female,a0Ow000000CI0jmEAD,a0WPz00000VNB7wMAH
norwich,Saturday 3 October 2026,True,11:00,11:45,Alaine Capalad,001Pz000017Oy6bIAC,Female,a0Ow000000CI0jmEAD,a0WPz00000VNB7wMAH
norwich,Saturday 3 October 2026,True,11:45,12:30,Alaine Capalad,001Pz000017Oy6bIAC,Female,a0Ow000000CI0jmEAD,a0WPz00000VNB7wMAH
norwich,Tuesday 6 October 2026,True,16:00,16:45,Alaine Capalad,001Pz000017Oy6bIAC,Female,a0Ow000000CI0jmEAD,a0WPz00000VNB7kMAH
norwich,Wednesday 7 October 2026,True,16:45,17:30,Alaine Capalad,001Pz000017Oy6bIAC,Female,a0Ow000000CI0jmEAD,a0WPz00000VNB7lMAH
norwich,Wednesday 7 October 2026,True,18:00,18:45,Alaine Capalad,001Pz000017Oy6bIAC,Female,a0Ow000000CI0jmEAD,a0WPz00000VNB7lMAH
norwich,Wednesday 7 October 2026,True,18:45,19:30,Alaine Capalad,001Pz000017Oy6bIAC,Female,a0Ow000000CI0jmEAD,a0WPz00000VNB7lMAH
norwich,Saturday 10 October 2026,True,08:00,08:45,Alaine Capalad,001Pz000017Oy6bIAC,Female,a0Ow000000CI0jmEAD,a0WPz00000VNB7xMAH
norwich,Saturday 10 October 2026,True,10:15,11:00,Alaine Capalad,001Pz000017Oy6bIAC,Female,a0Ow000000CI0jmEAD,a0WPz00000VNB7xMAH
norwich,Saturday 10 October 2026,True,11:00,11:45,Alaine Capalad,001Pz000017Oy6bIAC,Female,a0Ow000000CI0jmEAD,a0WPz00000VNB7xMAH
norwich,Saturday 10 October 2026,True,11:45,12:30,Alaine Capalad,001Pz000017Oy6bIAC,Female,a0Ow000000CI0jmEAD,a0WPz00000VNB7xMAH
norwich,Tuesday 13 October 2026,True,17:00,17:45,Alaine Capalad,001Pz000017Oy6bIAC,Female,a0Ow000000CI0jmEAD,a0WPz00000VNEZtMAP
norwich,Tuesday 13 October 2026,True,18:30,19:15,Alaine Capalad,001Pz000017Oy6bIAC,Female,a0Ow000000CI0jmEAD,a0WPz00000VNEZtMAP
norwich,Tuesday 13 October 2026,True,19:15,20:00,Alaine Capalad,001Pz000017Oy6bIAC,Female,a0Ow000000CI0jmEAD,a0WPz00000VNEZtMAP
nottingham,Friday 2 October 2026,True,08:30,09:15,Mrs Natasha Alshishani,0014J00000qSen5QAC,Female,a0O2000000AeJHLEA3,a0WPz00000TOsTZMA1
nottingham,Friday 2 October 2026,True,13:00,13:45,Mrs Natasha Alshishani,0014J00000qSen5QAC,Female,a0O2000000AeJHLEA3,a0WPz00000TOsThMAL
nottingham,Friday 2 October 2026,True,13:45,14:30,Mrs Natasha Alshishani,0014J00000qSen5QAC,Female,a0O2000000AeJHLEA3,a0WPz00000TOsThMAL
nottingham,Tuesday 6 October 2026,True,10:00,10:45,Mrs Carly Glazebrook,001w000001NjDG6AAN,Female,a0O2000000AeJHLEA3,a0WPz00000VFJr7MAH
nottingham,Tuesday 6 October 2026,True,10:45,11:30,Mrs Carly Glazebrook,001w000001NjDG6AAN,Female,a0O2000000AeJHLEA3,a0WPz00000VFJr7MAH
nottingham,Tuesday 6 October 2026,True,10:30,11:15,Mrs Chloe Evans,001w000001YBV0IAAX,Female,a0O2000000AeJHLEA3,a0WPz00000VFJqhMAH
nottingham,Tuesday 6 October 2026,True,11:15,12:00,Mrs Chloe Evans,001w000001YBV0IAAX,Female,a0O2000000AeJHLEA3,a0WPz00000VFJqhMAH
nottingham,Tuesday 6 October 2026,True,13:30,14:15,Mrs Carly Glazebrook,001w000001NjDG6AAN,Female,a0O2000000AeJHLEA3,a0WPz00000VFKatMAH
nottingham,Tuesday 6 October 2026,True,14:15,15:00,Mrs Carly Glazebrook,001w000001NjDG6AAN,Female,a0O2000000AeJHLEA3,a0WPz00000VFKatMAH
nottingham,Wednesday 7 October 2026,True,10:30,11:15,Mrs Carly Glazebrook,001w000001NjDG6AAN,Female,a0O2000000AeJHLEA3,a0WPz00000VFJr8MAH
nottingham,Wednesday 7 October 2026,True,11:15,12:00,Mrs Carly Glazebrook,001w000001NjDG6AAN,Female,a0O2000000AeJHLEA3,a0WPz00000VFJr8MAH
nottingham,Wednesday 7 October 2026,True,14:00,14:45,Mrs Carly Glazebrook,001w000001NjDG6AAN,Female,a0O2000000AeJHLEA3,a0WPz00000VFKb5MAH
nottingham,Wednesday 7 October 2026,True,14:45,15:30,Mrs Carly Glazebrook,001w000001NjDG6AAN,Female,a0O2000000AeJHLEA3,a0WPz00000VFKb5MAH
nottingham,Wednesday 7 October 2026,True,15:30,16:15,Mrs Carly Glazebrook,001w000001NjDG6AAN,Female,a0O2000000AeJHLEA3,a0WPz00000VFKb5MAH
nottingham,Thursday 8 October 2026,True,08:30,09:15,Mrs Natasha Alshishani,0014J00000qSen5QAC,Female,a0O2000000AeJHLEA3,a0WPz00000XJsL7MAL
nottingham,Thursday 8 October 2026,True,09:15,10:00,Mrs Natasha Alshishani,0014J00000qSen5QAC,Female,a0O2000000AeJHLEA3,a0WPz00000XJsL7MAL
nottingham,Thursday 8 October 2026,True,11:00,11:45,Mrs Natasha Alshishani,0014J00000qSen5QAC,Female,a0O2000000AeJHLEA3,a0WPz00000XJsL7MAL
nottingham,Thursday 8 October 2026,True,13:00,13:45,Mrs Natasha Alshishani,0014J00000qSen5QAC,Female,a0O2000000AeJHLEA3,a0WPz00000XJsLKMA1
nottingham,Thursday 8 October 2026,True,13:45,14:30,Mrs Natasha Alshishani,0014J00000qSen5QAC,Female,a0O2000000AeJHLEA3,a0WPz00000XJsLKMA1
nottingham,Friday 9 October 2026,True,10:15,11:00,Mrs Natasha Alshishani,0014J00000qSen5QAC,Female,a0O2000000AeJHLEA3,a0WPz00000XJsL8MAL
nottingham,Friday 9 October 2026,True,13:30,14:15,Mrs Natasha Alshishani,0014J00000qSen5QAC,Female,a0O2000000AeJHLEA3,a0WPz00000XJsLLMA1
nottingham,Tuesday 13 October 2026,True,08:00,08:45,Mrs Carly Glazebrook,001w000001NjDG6AAN,Female,a0O2000000AeJHLEA3,a0WPz00000VFJr9MAH
nottingham,Tuesday 13 October 2026,True,10:00,10:45,Mrs Carly Glazebrook,001w000001NjDG6AAN,Female,a0O2000000AeJHLEA3,a0WPz00000VFJr9MAH
nottingham,Tuesday 13 October 2026,True,11:30,12:15,Mrs Carly Glazebrook,001w000001NjDG6AAN,Female,a0O2000000AeJHLEA3,a0WPz00000VFJr9MAH
nottingham,Tuesday 13 October 2026,True,13:30,14:15,Mrs Carly Glazebrook,001w000001NjDG6AAN,Female,a0O2000000AeJHLEA3,a0WPz00000VFKauMAH
nottingham,Tuesday 13 October 2026,True,14:15,15:00,Mrs Carly Glazebrook,001w000001NjDG6AAN,Female,a0O2000000AeJHLEA3,a0WPz00000VFKauMAH
nottingham,Tuesday 13 October 2026,True,15:30,16:15,Mrs Carly Glazebrook,001w000001NjDG6AAN,Female,a0O2000000AeJHLEA3,a0WPz00000VFKauMAH
london-paddington,Thursday 1 October 2026,True,13:45,14:30,Mr Tom Codrington,00120000010rxPXAAY,Male,a0O2000000AeJIPEA3,a0WPz00000Sc1rLMAR
london-paddington,Friday 2 October 2026,True,08:30,09:15,Mr Mirco Paldo,0014J00000qVtKkQAK,Male,a0O2000000AeJIPEA3,a0WPz00000SiS8oMAF
london-paddington,Friday 2 October 2026,True,10:30,11:15,Mr Mirco Paldo,0014J00000qVtKkQAK,Male,a0O2000000AeJIPEA3,a0WPz00000SiS8oMAF
london-paddington,Friday 2 October 2026,True,11:15,12:00,Mr Mirco Paldo,0014J00000qVtKkQAK,Male,a0O2000000AeJIPEA3,a0WPz00000SiS8oMAF
london-paddington,Friday 2 October 2026,True,14:30,15:15,Mr Mirco Paldo,0014J00000qVtKkQAK,Male,a0O2000000AeJIPEA3,a0WPz00000SiS9UMAV
london-paddington,Monday 5 October 2026,True,12:00,12:45,Mr Mirco Paldo,0014J00000qVtKkQAK,Male,a0O2000000AeJIPEA3,a0WPz00000SiSARMA3
london-paddington,Monday 5 October 2026,True,15:30,16:15,Mr Mirco Paldo,0014J00000qVtKkQAK,Male,a0O2000000AeJIPEA3,a0WPz00000SiSAhMAN
london-paddington,Monday 5 October 2026,True,16:15,17:00,Mr Mirco Paldo,0014J00000qVtKkQAK,Male,a0O2000000AeJIPEA3,a0WPz00000SiSAhMAN
london-paddington,Monday 5 October 2026,True,17:00,17:45,Mr Mirco Paldo,0014J00000qVtKkQAK,Male,a0O2000000AeJIPEA3,a0WPz00000SiSAhMAN
london-paddington,Tuesday 6 October 2026,True,16:00,16:45,Mr Mirco Paldo,0014J00000qVtKkQAK,Male,a0O2000000AeJIPEA3,a0WPz00000SiSABMA3
london-paddington,Tuesday 6 October 2026,True,17:00,17:45,Mr Mirco Paldo,0014J00000qVtKkQAK,Male,a0O2000000AeJIPEA3,a0WPz00000SiSABMA3
london-paddington,Tuesday 6 October 2026,True,17:45,18:30,Mr Mirco Paldo,0014J00000qVtKkQAK,Male,a0O2000000AeJIPEA3,a0WPz00000SiSABMA3
london-paddington,Thursday 8 October 2026,True,10:15,11:00,Mr Mirco Paldo,0014J00000qVtKkQAK,Male,a0O2000000AeJIPEA3,a0WPz00000SiS8qMAF
london-paddington,Thursday 8 October 2026,True,11:00,11:45,Mr Mirco Paldo,0014J00000qVtKkQAK,Male,a0O2000000AeJIPEA3,a0WPz00000SiS8qMAF
london-paddington,Thursday 8 October 2026,True,14:00,14:45,Mr Mirco Paldo,0014J00000qVtKkQAK,Male,a0O2000000AeJIPEA3,a0WPz00000SiS9vMAF
london-paddington,Thursday 8 October 2026,True,14:45,15:30,Mr Mirco Paldo,0014J00000qVtKkQAK,Male,a0O2000000AeJIPEA3,a0WPz00000SiS9vMAF
london-paddington,Thursday 8 October 2026,True,15:30,16:15,Mr Mirco Paldo,0014J00000qVtKkQAK,Male,a0O2000000AeJIPEA3,a0WPz00000SiS9vMAF
london-paddington,Friday 9 October 2026,True,11:00,11:45,Mr Mirco Paldo,0014J00000qVtKkQAK,Male,a0O2000000AeJIPEA3,a0WPz00000SiS8rMAF
london-paddington,Friday 9 October 2026,True,11:45,12:30,Mr Mirco Paldo,0014J00000qVtKkQAK,Male,a0O2000000AeJIPEA3,a0WPz00000SiS8rMAF
london-paddington,Friday 9 October 2026,True,14:00,14:45,Mr Mirco Paldo,0014J00000qVtKkQAK,Male,a0O2000000AeJIPEA3,a0WPz00000SiS9WMAV
london-paddington,Friday 9 October 2026,True,14:45,15:30,Mr Mirco Paldo,0014J00000qVtKkQAK,Male,a0O2000000AeJIPEA3,a0WPz00000SiS9WMAV
london-paddington,Friday 9 October 2026,True,15:30,16:15,Mr Mirco Paldo,0014J00000qVtKkQAK,Male,a0O2000000AeJIPEA3,a0WPz00000SiS9WMAV
london-paddington,Friday 9 October 2026,True,16:15,17:00,Mr Mirco Paldo,0014J00000qVtKkQAK,Male,a0O2000000AeJIPEA3,a0WPz00000SiS9WMAV
london-paddington,Monday 12 October 2026,True,08:30,09:15,Mr Tom Codrington,00120000010rxPXAAY,Male,a0O2000000AeJIPEA3,a0WPz00000Sc00cMAB
london-paddington,Monday 12 October 2026,True,15:30,16:15,Mr Mirco Paldo,0014J00000qVtKkQAK,Male,a0O2000000AeJIPEA3,a0WPz00000SiSAiMAN
london-paddington,Monday 12 October 2026,True,16:15,17:00,Mr Mirco Paldo,0014J00000qVtKkQAK,Male,a0O2000000AeJIPEA3,a0WPz00000SiSAiMAN
london-paddington,Tuesday 13 October 2026,True,08:00,08:45,Mr Tom Codrington,00120000010rxPXAAY,Male,a0O2000000AeJIPEA3,a0WPz00000Sc00rMAB
london-paddington,Tuesday 13 October 2026,True,08:45,09:30,Mr Tom Codrington,00120000010rxPXAAY,Male,a0O2000000AeJIPEA3,a0WPz00000Sc00rMAB
london-paddington,Tuesday 13 October 2026,True,14:30,15:15,Mr Mirco Paldo,0014J00000qVtKkQAK,Male,a0O2000000AeJIPEA3,a0WPz00000SiSACMA3
london-paddington,Tuesday 13 October 2026,True,15:15,16:00,Mr Mirco Paldo,0014J00000qVtKkQAK,Male,a0O2000000AeJIPEA3,a0WPz00000SiSACMA3
london-paddington,Tuesday 13 October 2026,True,16:00,16:45,Mr Mirco Paldo,0014J00000qVtKkQAK,Male,a0O2000000AeJIPEA3,a0WPz00000SiSACMA3
plymouth,Thursday 1 October 2026,True,08:00,08:45,Mr Karl Keller,001w000001i2WlnAAE,Male,a0O2000000AeJJwEAN,a0WPz00000S3TnFMAV
plymouth,Monday 5 October 2026,True,08:00,08:45,Mr Karl Keller,001w000001i2WlnAAE,Male,a0O2000000AeJJwEAN,a0WPz00000KnMLKMA3
plymouth,Monday 5 October 2026,True,13:00,13:45,Mr Karl Keller,001w000001i2WlnAAE,Male,a0O2000000AeJJwEAN,a0WPz00000KnMLbMAN
plymouth,Monday 5 October 2026,True,13:45,14:30,Mr Karl Keller,001w000001i2WlnAAE,Male,a0O2000000AeJJwEAN,a0WPz00000KnMLbMAN
plymouth,Monday 5 October 2026,True,14:30,15:15,Mr Karl Keller,001w000001i2WlnAAE,Male,a0O2000000AeJJwEAN,a0WPz00000KnMLbMAN
plymouth,Tuesday 6 October 2026,True,10:00,10:45,Mr Karl Keller,001w000001i2WlnAAE,Male,a0O2000000AeJJwEAN,a0WPz00000KnMMIMA3
plymouth,Tuesday 6 October 2026,True,10:45,11:30,Mr Karl Keller,001w000001i2WlnAAE,Male,a0O2000000AeJJwEAN,a0WPz00000KnMMIMA3
plymouth,Tuesday 6 October 2026,True,14:15,15:00,Mr Karl Keller,001w000001i2WlnAAE,Male,a0O2000000AeJJwEAN,a0WPz00000KnMMZMA3
plymouth,Tuesday 6 October 2026,True,15:00,15:45,Mr Karl Keller,001w000001i2WlnAAE,Male,a0O2000000AeJJwEAN,a0WPz00000KnMMZMA3
plymouth,Tuesday 6 October 2026,True,16:30,17:15,Mr Karl Keller,001w000001i2WlnAAE,Male,a0O2000000AeJJwEAN,a0WPz00000KnMMZMA3
plymouth,Monday 12 October 2026,True,08:00,08:45,Mr Karl Keller,001w000001i2WlnAAE,Male,a0O2000000AeJJwEAN,a0WPz00000KnMLLMA3
plymouth,Monday 12 October 2026,True,08:45,09:30,Mr Karl Keller,001w000001i2WlnAAE,Male,a0O2000000AeJJwEAN,a0WPz00000KnMLLMA3
plymouth,Monday 12 October 2026,True,09:30,10:15,Mr Karl Keller,001w000001i2WlnAAE,Male,a0O2000000AeJJwEAN,a0WPz00000KnMLLMA3
plymouth,Monday 12 October 2026,True,14:45,15:30,Mr Karl Keller,001w000001i2WlnAAE,Male,a0O2000000AeJJwEAN,a0WPz00000KnMLcMAN
plymouth,Tuesday 13 October 2026,True,08:45,09:30,Mr Karl Keller,001w000001i2WlnAAE,Male,a0O2000000AeJJwEAN,a0WPz00000KnMMJMA3
plymouth,Tuesday 13 October 2026,True,14:00,14:45,Mr Karl Keller,001w000001i2WlnAAE,Male,a0O2000000AeJJwEAN,a0WPz00000KnMMaMAN
plymouth,Tuesday 13 October 2026,True,14:45,15:30,Mr Karl Keller,001w000001i2WlnAAE,Male,a0O2000000AeJJwEAN,a0WPz00000KnMMaMAN
plymouth,Tuesday 13 October 2026,True,16:30,17:15,Mr Karl Keller,001w000001i2WlnAAE,Male,a0O2000000AeJJwEAN,a0WPz00000KnMMaMAN
plymouth,Tuesday 13 October 2026,True,17:15,18:00,Mr Karl Keller,001w000001i2WlnAAE,Male,a0O2000000AeJJwEAN,a0WPz00000KnMMaMAN
portsmouth,Monday 5 October 2026,True,07:30,08:15,Mr Simon Horne,0014J00000qWTRcQAO,Male,a0Ow000000CIPXcEAP,a0WPz00000VeIZ9MAN
portsmouth,Monday 5 October 2026,True,08:15,09:00,Mr Simon Horne,0014J00000qWTRcQAO,Male,a0Ow000000CIPXcEAP,a0WPz00000VeIZ9MAN
portsmouth,Monday 5 October 2026,True,09:00,09:45,Mr Simon Horne,0014J00000qWTRcQAO,Male,a0Ow000000CIPXcEAP,a0WPz00000VeIZ9MAN
portsmouth,Monday 5 October 2026,True,10:00,10:45,Mr Simon Horne,0014J00000qWTRcQAO,Male,a0Ow000000CIPXcEAP,a0WPz00000VeIZ9MAN
portsmouth,Monday 5 October 2026,True,10:45,11:30,Mr Simon Horne,0014J00000qWTRcQAO,Male,a0Ow000000CIPXcEAP,a0WPz00000VeIZ9MAN
portsmouth,Monday 5 October 2026,True,14:00,14:45,Mr Simon Horne,0014J00000qWTRcQAO,Male,a0Ow000000CIPXcEAP,a0WPz00000VeIZXMA3
portsmouth,Monday 5 October 2026,True,16:15,17:00,Mr Simon Horne,0014J00000qWTRcQAO,Male,a0Ow000000CIPXcEAP,a0WPz00000VeIZXMA3
portsmouth,Wednesday 7 October 2026,True,16:00,16:45,Mr Simon Horne,0014J00000qWTRcQAO,Male,a0Ow000000CIPXcEAP,a0WPz00000VeIZYMA3
portsmouth,Monday 12 October 2026,True,08:30,09:15,Mr Simon Horne,0014J00000qWTRcQAO,Male,a0Ow000000CIPXcEAP,a0WPz00000VeIZBMA3
portsmouth,Monday 12 October 2026,True,10:00,10:45,Mr Simon Horne,0014J00000qWTRcQAO,Male,a0Ow000000CIPXcEAP,a0WPz00000VeIZBMA3
portsmouth,Monday 12 October 2026,True,10:45,11:30,Mr Simon Horne,0014J00000qWTRcQAO,Male,a0Ow000000CIPXcEAP,a0WPz00000VeIZBMA3
preston,Wednesday 30 September 2026,True,16:30,17:15,Kat Mulvihill,0014J00000lATJxQAO,Female,a0Ow000000KKrHhEAL,a0WPz00000TOqWaMAL
preston,Tuesday 6 October 2026,True,07:00,07:45,Kat Mulvihill,0014J00000lATJxQAO,Female,a0Ow000000KKrHhEAL,a0WPz00000UmcDBMAZ
preston,Tuesday 6 October 2026,True,09:45,10:30,Kat Mulvihill,0014J00000lATJxQAO,Female,a0Ow000000KKrHhEAL,a0WPz00000UmcDBMAZ
preston,Tuesday 6 October 2026,True,10:30,11:15,Kat Mulvihill,0014J00000lATJxQAO,Female,a0Ow000000KKrHhEAL,a0WPz00000UmcDBMAZ
preston,Wednesday 7 October 2026,True,08:30,09:15,Kat Mulvihill,0014J00000lATJxQAO,Female,a0Ow000000KKrHhEAL,a0WPz00000TOqWTMA1
preston,Wednesday 7 October 2026,True,11:30,12:15,Kat Mulvihill,0014J00000lATJxQAO,Female,a0Ow000000KKrHhEAL,a0WPz00000TOqWTMA1
preston,Wednesday 7 October 2026,True,12:15,13:00,Kat Mulvihill,0014J00000lATJxQAO,Female,a0Ow000000KKrHhEAL,a0WPz00000TOqWTMA1
preston,Wednesday 7 October 2026,True,15:00,15:45,Kat Mulvihill,0014J00000lATJxQAO,Female,a0Ow000000KKrHhEAL,a0WPz00000TOqWbMAL
preston,Wednesday 7 October 2026,True,17:00,17:45,Kat Mulvihill,0014J00000lATJxQAO,Female,a0Ow000000KKrHhEAL,a0WPz00000TOqWbMAL
preston,Tuesday 13 October 2026,True,07:30,08:15,Kat Mulvihill,0014J00000lATJxQAO,Female,a0Ow000000KKrHhEAL,a0WPz00000UmcDCMAZ
preston,Tuesday 13 October 2026,True,11:15,12:00,Kat Mulvihill,0014J00000lATJxQAO,Female,a0Ow000000KKrHhEAL,a0WPz00000UmcDCMAZ
reading,Thursday 1 October 2026,True,13:30,14:15,Mr Thando Ndlovu,001Pz00000Xzz5EIAR,Male,a0O2000000AeJKFEA3,a0WPz00000VNP8mMAH
reading,Thursday 1 October 2026,True,14:15,15:00,Mr Thando Ndlovu,001Pz00000Xzz5EIAR,Male,a0O2000000AeJKFEA3,a0WPz00000VNP8mMAH
reading,Friday 2 October 2026,True,09:45,10:30,Mr Thando Ndlovu,001Pz00000Xzz5EIAR,Male,a0O2000000AeJKFEA3,a0WPz00000VNOpeMAH
reading,Tuesday 6 October 2026,True,14:15,15:00,Mr Thando Ndlovu,001Pz00000Xzz5EIAR,Male,a0O2000000AeJKFEA3,a0WPz00000VNP8nMAH
reading,Thursday 8 October 2026,True,17:00,17:45,Mr Thando Ndlovu,001Pz00000Xzz5EIAR,Male,a0O2000000AeJKFEA3,a0WPz00000VNOpRMAX
reading,Friday 9 October 2026,True,09:00,09:45,Mr Thando Ndlovu,001Pz00000Xzz5EIAR,Male,a0O2000000AeJKFEA3,a0WPz00000VNOpfMAH
reading,Tuesday 13 October 2026,True,12:00,12:45,Mr Thando Ndlovu,001Pz00000Xzz5EIAR,Male,a0O2000000AeJKFEA3,a0WPz00000VNP8pMAH
reading,Tuesday 13 October 2026,True,12:45,13:30,Mr Thando Ndlovu,001Pz00000Xzz5EIAR,Male,a0O2000000AeJKFEA3,a0WPz00000VNP8pMAH
reading,Tuesday 13 October 2026,True,14:00,14:45,Mr Thando Ndlovu,001Pz00000Xzz5EIAR,Male,a0O2000000AeJKFEA3,a0WPz00000VNP8pMAH
reading,Tuesday 13 October 2026,True,16:30,17:15,Mr Thando Ndlovu,001Pz00000Xzz5EIAR,Male,a0O2000000AeJKFEA3,a0WPz00000VNOpSMAX
reading,Tuesday 13 October 2026,True,17:15,18:00,Mr Thando Ndlovu,001Pz00000Xzz5EIAR,Male,a0O2000000AeJKFEA3,a0WPz00000VNOpSMAX
reading,Tuesday 13 October 2026,True,18:00,18:45,Mr Thando Ndlovu,001Pz00000Xzz5EIAR,Male,a0O2000000AeJKFEA3,a0WPz00000VNOpSMAX
reading,Tuesday 13 October 2026,True,18:45,19:30,Mr Thando Ndlovu,001Pz00000Xzz5EIAR,Male,a0O2000000AeJKFEA3,a0WPz00000VNOpSMAX
romford,Thursday 1 October 2026,True,09:00,09:45,Mr Terry McRae,0014J00000supEDQAY,Male,a0Ow000000KKqUwEAL,a0WPz00000JOb40MAD
romford,Thursday 1 October 2026,True,09:45,10:30,Mr Terry McRae,0014J00000supEDQAY,Male,a0Ow000000KKqUwEAL,a0WPz00000JOb40MAD
romford,Thursday 1 October 2026,True,11:00,11:45,Mr Terry McRae,0014J00000supEDQAY,Male,a0Ow000000KKqUwEAL,a0WPz00000JOb40MAD
romford,Tuesday 6 October 2026,True,11:00,11:45,Mr Terry McRae,0014J00000supEDQAY,Male,a0Ow000000KKqUwEAL,a0WPz00000JOs6HMAT
romford,Tuesday 6 October 2026,True,13:30,14:15,Mr Terry McRae,0014J00000supEDQAY,Male,a0Ow000000KKqUwEAL,a0WPz00000JOs6nMAD
romford,Tuesday 6 October 2026,True,14:15,15:00,Mr Terry McRae,0014J00000supEDQAY,Male,a0Ow000000KKqUwEAL,a0WPz00000JOs6nMAD
romford,Tuesday 6 October 2026,True,15:00,15:45,Mr Terry McRae,0014J00000supEDQAY,Male,a0Ow000000KKqUwEAL,a0WPz00000JOs6nMAD
romford,Thursday 8 October 2026,True,11:30,12:15,Mr Terry McRae,0014J00000supEDQAY,Male,a0Ow000000KKqUwEAL,a0WPz00000JOb41MAD
romford,Thursday 8 October 2026,True,12:15,13:00,Mr Terry McRae,0014J00000supEDQAY,Male,a0Ow000000KKqUwEAL,a0WPz00000JOb41MAD
romford,Thursday 8 October 2026,True,14:00,14:45,Mr Terry McRae,0014J00000supEDQAY,Male,a0Ow000000KKqUwEAL,a0WPz00000JOb4jMAD
romford,Thursday 8 October 2026,True,14:45,15:30,Mr Terry McRae,0014J00000supEDQAY,Male,a0Ow000000KKqUwEAL,a0WPz00000JOb4jMAD
romford,Thursday 8 October 2026,True,16:00,16:45,Mr Terry McRae,0014J00000supEDQAY,Male,a0Ow000000KKqUwEAL,a0WPz00000JOb4jMAD
rugby,Tuesday 6 October 2026,True,15:30,16:15,Mr Devesh Chohan,0012X00001sDklvQAC,Male,a0Ow000000KKrHXEA1,a0WPz00000TPB1pMAH
rugby,Wednesday 7 October 2026,True,08:00,08:45,Mr Devesh Chohan,0012X00001sDklvQAC,Male,a0Ow000000KKrHXEA1,a0WPz00000TPB25MAH
rugby,Wednesday 7 October 2026,True,08:45,09:30,Mr Devesh Chohan,0012X00001sDklvQAC,Male,a0Ow000000KKrHXEA1,a0WPz00000TPB25MAH
rugby,Wednesday 7 October 2026,True,12:00,12:45,Mr Devesh Chohan,0012X00001sDklvQAC,Male,a0Ow000000KKrHXEA1,a0WPz00000TPB1dMAH
rugby,Wednesday 7 October 2026,True,12:45,13:30,Mr Devesh Chohan,0012X00001sDklvQAC,Male,a0Ow000000KKrHXEA1,a0WPz00000TPB1dMAH
rugby,Thursday 8 October 2026,True,11:00,11:45,Mr Devesh Chohan,0012X00001sDklvQAC,Male,a0Ow000000KKrHXEA1,a0WPz00000TPB1SMAX
rugby,Thursday 8 October 2026,True,11:45,12:30,Mr Devesh Chohan,0012X00001sDklvQAC,Male,a0Ow000000KKrHXEA1,a0WPz00000TPB1SMAX
rugby,Thursday 8 October 2026,True,15:30,16:15,Mr Devesh Chohan,0012X00001sDklvQAC,Male,a0Ow000000KKrHXEA1,a0WPz00000TPB1qMAH
rugby,Monday 12 October 2026,True,08:30,09:15,Mr Devesh Chohan,0012X00001sDklvQAC,Male,a0Ow000000KKrHXEA1,a0WPz00000TPB1GMAX
rugby,Monday 12 October 2026,True,09:15,10:00,Mr Devesh Chohan,0012X00001sDklvQAC,Male,a0Ow000000KKrHXEA1,a0WPz00000TPB1GMAX
rugby,Tuesday 13 October 2026,True,10:00,10:45,Mr Devesh Chohan,0012X00001sDklvQAC,Male,a0Ow000000KKrHXEA1,a0WPz00000TPB1TMAX
rugby,Tuesday 13 October 2026,True,15:30,16:15,Mr Devesh Chohan,0012X00001sDklvQAC,Male,a0Ow000000KKrHXEA1,a0WPz00000TPB1rMAH
sheffield,Wednesday 30 September 2026,True,17:45,18:30,Mr David Doherty,001w0000015C8m5AAC,Male,a0Ow000000CI9UMEA1,a0WPz00000TOhQ2MAL
sheffield,Thursday 1 October 2026,True,13:00,13:45,Mr David Doherty,001w0000015C8m5AAC,Male,a0Ow000000CI9UMEA1,a0WPz00000TOhQAMA1
sheffield,Thursday 1 October 2026,True,13:45,14:30,Mr David Doherty,001w0000015C8m5AAC,Male,a0Ow000000CI9UMEA1,a0WPz00000TOhQAMA1
sheffield,Thursday 1 October 2026,True,15:00,15:45,Mr David Doherty,001w0000015C8m5AAC,Male,a0Ow000000CI9UMEA1,a0WPz00000TOhQAMA1
sheffield,Friday 2 October 2026,True,15:15,16:00,Mr Michael Murphy,0014J00000YTGh2QAH,Male,a0Ow000000CI9UMEA1,a0WPz00000TOrSoMAL
sheffield,Monday 5 October 2026,True,11:00,11:45,Mr David Doherty,001w0000015C8m5AAC,Male,a0Ow000000CI9UMEA1,a0WPz00000TOhPnMAL
sheffield,Monday 5 October 2026,True,11:45,12:30,Mr David Doherty,001w0000015C8m5AAC,Male,a0Ow000000CI9UMEA1,a0WPz00000TOhPnMAL
sheffield,Monday 5 October 2026,True,12:30,13:15,Mr David Doherty,001w0000015C8m5AAC,Male,a0Ow000000CI9UMEA1,a0WPz00000TOhPnMAL
sheffield,Monday 5 October 2026,True,15:30,16:15,Mr David Doherty,001w0000015C8m5AAC,Male,a0Ow000000CI9UMEA1,a0WPz00000TOhPvMAL
sheffield,Wednesday 7 October 2026,True,13:30,14:15,Mr David Doherty,001w0000015C8m5AAC,Male,a0Ow000000CI9UMEA1,a0WPz00000TOhQ3MAL
sheffield,Wednesday 7 October 2026,True,15:00,15:45,Mr David Doherty,001w0000015C8m5AAC,Male,a0Ow000000CI9UMEA1,a0WPz00000TOhQ3MAL
sheffield,Wednesday 7 October 2026,True,15:45,16:30,Mr David Doherty,001w0000015C8m5AAC,Male,a0Ow000000CI9UMEA1,a0WPz00000TOhQ3MAL
sheffield,Wednesday 7 October 2026,True,17:15,18:00,Mr David Doherty,001w0000015C8m5AAC,Male,a0Ow000000CI9UMEA1,a0WPz00000TOhQ3MAL
sheffield,Wednesday 7 October 2026,True,13:30,14:15,Mr Michael Murphy,0014J00000YTGh2QAH,Male,a0Ow000000CI9UMEA1,a0WPz00000TOrSZMA1
sheffield,Wednesday 7 October 2026,True,14:15,15:00,Mr Michael Murphy,0014J00000YTGh2QAH,Male,a0Ow000000CI9UMEA1,a0WPz00000TOrSZMA1
sheffield,Thursday 8 October 2026,True,13:00,13:45,Mr David Doherty,001w0000015C8m5AAC,Male,a0Ow000000CI9UMEA1,a0WPz00000TOhQBMA1
sheffield,Thursday 8 October 2026,True,13:45,14:30,Mr David Doherty,001w0000015C8m5AAC,Male,a0Ow000000CI9UMEA1,a0WPz00000TOhQBMA1
sheffield,Thursday 8 October 2026,True,15:00,15:45,Mr David Doherty,001w0000015C8m5AAC,Male,a0Ow000000CI9UMEA1,a0WPz00000TOhQBMA1
sheffield,Thursday 8 October 2026,True,15:45,16:30,Mr David Doherty,001w0000015C8m5AAC,Male,a0Ow000000CI9UMEA1,a0WPz00000TOhQBMA1
sheffield,Monday 12 October 2026,True,09:30,10:15,Mr David Doherty,001w0000015C8m5AAC,Male,a0Ow000000CI9UMEA1,a0WPz00000TOhPoMAL
sheffield,Monday 12 October 2026,True,11:00,11:45,Mr David Doherty,001w0000015C8m5AAC,Male,a0Ow000000CI9UMEA1,a0WPz00000TOhPoMAL
sheffield,Monday 12 October 2026,True,11:45,12:30,Mr David Doherty,001w0000015C8m5AAC,Male,a0Ow000000CI9UMEA1,a0WPz00000TOhPoMAL
sheffield,Monday 12 October 2026,True,12:30,13:15,Mr David Doherty,001w0000015C8m5AAC,Male,a0Ow000000CI9UMEA1,a0WPz00000TOhPoMAL
sheffield,Monday 12 October 2026,True,15:00,15:45,Mr David Doherty,001w0000015C8m5AAC,Male,a0Ow000000CI9UMEA1,a0WPz00000TOhPwMAL
sheffield,Monday 12 October 2026,True,15:45,16:30,Mr David Doherty,001w0000015C8m5AAC,Male,a0Ow000000CI9UMEA1,a0WPz00000TOhPwMAL
sheffield,Tuesday 13 October 2026,True,12:00,12:45,Mr Michael Murphy,0014J00000YTGh2QAH,Male,a0Ow000000CI9UMEA1,a0WPz00000VYbRWMA1
sheffield,Tuesday 13 October 2026,True,15:30,16:15,Mr Michael Murphy,0014J00000YTGh2QAH,Male,a0Ow000000CI9UMEA1,a0WPz00000VYyWAMA1
shipley,Thursday 8 October 2026,True,08:45,09:30,Mr Sam Butterfield,0014J00000bfq4GQAQ,Male,a0Ow000000EqYW5EAN,a0WPz00000VvLUBMA3
shipley,Thursday 8 October 2026,True,10:15,11:00,Mr Sam Butterfield,0014J00000bfq4GQAQ,Male,a0Ow000000EqYW5EAN,a0WPz00000VvLUBMA3
shipley,Thursday 8 October 2026,True,11:00,11:45,Mr Sam Butterfield,0014J00000bfq4GQAQ,Male,a0Ow000000EqYW5EAN,a0WPz00000VvLUBMA3
shipley,Thursday 8 October 2026,True,11:45,12:30,Mr Sam Butterfield,0014J00000bfq4GQAQ,Male,a0Ow000000EqYW5EAN,a0WPz00000VvLUBMA3
shipley,Monday 12 October 2026,True,14:30,15:15,Mr Sam Butterfield,0014J00000bfq4GQAQ,Male,a0Ow000000EqYW5EAN,a0WPz00000TP7gnMAD
shipley,Monday 12 October 2026,True,15:15,16:00,Mr Sam Butterfield,0014J00000bfq4GQAQ,Male,a0Ow000000EqYW5EAN,a0WPz00000TP7gnMAD
shipley,Monday 12 October 2026,True,16:15,17:00,Mr Sam Butterfield,0014J00000bfq4GQAQ,Male,a0Ow000000EqYW5EAN,a0WPz00000TP7gnMAD
shipley,Monday 12 October 2026,True,17:00,17:45,Mr Sam Butterfield,0014J00000bfq4GQAQ,Male,a0Ow000000EqYW5EAN,a0WPz00000TP7gnMAD
shipley,Monday 12 October 2026,True,17:45,18:30,Mr Sam Butterfield,0014J00000bfq4GQAQ,Male,a0Ow000000EqYW5EAN,a0WPz00000TP7gnMAD
shipley,Monday 12 October 2026,True,18:30,19:15,Mr Sam Butterfield,0014J00000bfq4GQAQ,Male,a0Ow000000EqYW5EAN,a0WPz00000TP7gnMAD
shoreditch,Tuesday 6 October 2026,True,10:30,11:15,Mr James Cocker,001w0000014711eAAA,Male,a0Ow000000GSYnhEAH,a0WPz00000RGwYMMA1
shoreditch,Tuesday 6 October 2026,True,11:15,12:00,Mr James Cocker,001w0000014711eAAA,Male,a0Ow000000GSYnhEAH,a0WPz00000RGwYMMA1
shoreditch,Friday 9 October 2026,True,08:00,08:45,Mr James Cocker,001w0000014711eAAA,Male,a0Ow000000GSYnhEAH,a0WPz00000RGwYNMA1
shoreditch,Friday 9 October 2026,True,13:00,13:45,Mr James Cocker,001w0000014711eAAA,Male,a0Ow000000GSYnhEAH,a0WPz00000RGwYTMA1
shoreditch,Tuesday 13 October 2026,True,08:30,09:15,Mr James Cocker,001w0000014711eAAA,Male,a0Ow000000GSYnhEAH,a0WPz00000RGwYOMA1
shoreditch,Tuesday 13 October 2026,True,09:15,10:00,Mr James Cocker,001w0000014711eAAA,Male,a0Ow000000GSYnhEAH,a0WPz00000RGwYOMA1
shoreditch,Tuesday 13 October 2026,True,10:00,10:45,Mr James Cocker,001w0000014711eAAA,Male,a0Ow000000GSYnhEAH,a0WPz00000RGwYOMA1
shoreditch,Tuesday 13 October 2026,True,14:00,14:45,Mr James Cocker,001w0000014711eAAA,Male,a0Ow000000GSYnhEAH,a0WPz00000RGwYUMA1
shrewsbury,Thursday 8 October 2026,True,08:00,08:45,Mrs Aleksandra Poole,0014J00000SmHvCQAV,Female,a0O2000000AeJHjEAN,a0WPz00000S1ijGMAR
shrewsbury,Thursday 8 October 2026,True,08:45,09:30,Mrs Aleksandra Poole,0014J00000SmHvCQAV,Female,a0O2000000AeJHjEAN,a0WPz00000S1ijGMAR
shrewsbury,Friday 9 October 2026,True,08:45,09:30,Mrs Aleksandra Poole,0014J00000SmHvCQAV,Female,a0O2000000AeJHjEAN,a0WPz00000S1igsMAB
shrewsbury,Monday 12 October 2026,True,08:00,08:45,Mrs Aleksandra Poole,0014J00000SmHvCQAV,Female,a0O2000000AeJHjEAN,a0WPz00000S1igtMAB
shrewsbury,Monday 12 October 2026,True,10:30,11:15,Mrs Aleksandra Poole,0014J00000SmHvCQAV,Female,a0O2000000AeJHjEAN,a0WPz00000S1igtMAB
shrewsbury,Monday 12 October 2026,True,16:15,17:00,Mrs Aleksandra Poole,0014J00000SmHvCQAV,Female,a0O2000000AeJHjEAN,a0WPz00000S1ihXMAR
shrewsbury,Tuesday 13 October 2026,True,10:15,11:00,Mrs Aleksandra Poole,0014J00000SmHvCQAV,Female,a0O2000000AeJHjEAN,a0WPz00000S1iguMAB
shrewsbury,Tuesday 13 October 2026,True,08:30,09:15,Mrs Jenny Brown,00120000010rxWsAAI,Female,a0O2000000AeJHjEAN,a0WPz00000IMJdVMAX
shrewsbury,Tuesday 13 October 2026,True,09:15,10:00,Mrs Jenny Brown,00120000010rxWsAAI,Female,a0O2000000AeJHjEAN,a0WPz00000IMJdVMAX
shrewsbury,Tuesday 13 October 2026,True,10:00,10:45,Mrs Jenny Brown,00120000010rxWsAAI,Female,a0O2000000AeJHjEAN,a0WPz00000IMJdVMAX
shrewsbury,Tuesday 13 October 2026,True,10:45,11:30,Mrs Jenny Brown,00120000010rxWsAAI,Female,a0O2000000AeJHjEAN,a0WPz00000IMJdVMAX
shrewsbury,Tuesday 13 October 2026,True,14:15,15:00,Mrs Aleksandra Poole,0014J00000SmHvCQAV,Female,a0O2000000AeJHjEAN,a0WPz00000S1ii1MAB
shrewsbury,Tuesday 13 October 2026,True,15:00,15:45,Mrs Aleksandra Poole,0014J00000SmHvCQAV,Female,a0O2000000AeJHjEAN,a0WPz00000S1ii1MAB
st-albans,Thursday 1 October 2026,True,08:00,08:45,Mr Miles Hammed-Brazel,0014J00000j1bIdQAI,Male,a0O2000000AeJL1EAN,a0WPz00000Wxo2FMAR
st-albans,Thursday 1 October 2026,True,09:30,10:15,Mr Miles Hammed-Brazel,0014J00000j1bIdQAI,Male,a0O2000000AeJL1EAN,a0WPz00000Wxo2FMAR
st-albans,Thursday 1 October 2026,True,12:30,13:15,Mr Miles Hammed-Brazel,0014J00000j1bIdQAI,Male,a0O2000000AeJL1EAN,a0WPz00000Wxo2FMAR
st-albans,Thursday 1 October 2026,True,14:30,15:15,Mr Miles Hammed-Brazel,0014J00000j1bIdQAI,Male,a0O2000000AeJL1EAN,a0WPz00000Wxo2pMAB
st-albans,Thursday 1 October 2026,True,15:15,16:00,Mr Miles Hammed-Brazel,0014J00000j1bIdQAI,Male,a0O2000000AeJL1EAN,a0WPz00000Wxo2pMAB
st-albans,Friday 2 October 2026,True,09:30,10:15,Mr James Whatley,0012X00001uNFItQAO,Male,a0O2000000AeJL1EAN,a0WPz00000TPBm4MAH
st-albans,Friday 2 October 2026,True,11:30,12:15,Mr James Whatley,0012X00001uNFItQAO,Male,a0O2000000AeJL1EAN,a0WPz00000TPBm4MAH
st-albans,Friday 2 October 2026,True,14:30,15:15,Mr James Whatley,0012X00001uNFItQAO,Male,a0O2000000AeJL1EAN,a0WPz00000TPBmKMAX
st-albans,Monday 5 October 2026,True,08:00,08:45,Mr Miles Hammed-Brazel,0014J00000j1bIdQAI,Male,a0O2000000AeJL1EAN,a0WPz00000Wxo1gMAB
st-albans,Monday 5 October 2026,True,08:45,09:30,Mr Miles Hammed-Brazel,0014J00000j1bIdQAI,Male,a0O2000000AeJL1EAN,a0WPz00000Wxo1gMAB
st-albans,Monday 5 October 2026,True,10:00,10:45,Mr Miles Hammed-Brazel,0014J00000j1bIdQAI,Male,a0O2000000AeJL1EAN,a0WPz00000Wxo1gMAB
st-albans,Monday 5 October 2026,True,10:45,11:30,Mr Miles Hammed-Brazel,0014J00000j1bIdQAI,Male,a0O2000000AeJL1EAN,a0WPz00000Wxo1gMAB
st-albans,Monday 5 October 2026,True,13:30,14:15,Mr Miles Hammed-Brazel,0014J00000j1bIdQAI,Male,a0O2000000AeJL1EAN,a0WPz00000Wxo2SMAR
st-albans,Monday 5 October 2026,True,14:15,15:00,Mr Miles Hammed-Brazel,0014J00000j1bIdQAI,Male,a0O2000000AeJL1EAN,a0WPz00000Wxo2SMAR
st-albans,Monday 5 October 2026,True,15:00,15:45,Mr Miles Hammed-Brazel,0014J00000j1bIdQAI,Male,a0O2000000AeJL1EAN,a0WPz00000Wxo2SMAR
st-albans,Tuesday 6 October 2026,True,09:00,09:45,Mr Miles Hammed-Brazel,0014J00000j1bIdQAI,Male,a0O2000000AeJL1EAN,a0WPz00000Wxo1sMAB
st-albans,Wednesday 7 October 2026,True,08:00,08:45,Mr Miles Hammed-Brazel,0014J00000j1bIdQAI,Male,a0O2000000AeJL1EAN,a0WPz00000Wxo24MAB
st-albans,Wednesday 7 October 2026,True,08:45,09:30,Mr Miles Hammed-Brazel,0014J00000j1bIdQAI,Male,a0O2000000AeJL1EAN,a0WPz00000Wxo24MAB
st-albans,Wednesday 7 October 2026,True,09:30,10:15,Mr Miles Hammed-Brazel,0014J00000j1bIdQAI,Male,a0O2000000AeJL1EAN,a0WPz00000Wxo24MAB
st-albans,Wednesday 7 October 2026,True,11:30,12:15,Mr Miles Hammed-Brazel,0014J00000j1bIdQAI,Male,a0O2000000AeJL1EAN,a0WPz00000Wxo24MAB
st-albans,Wednesday 7 October 2026,True,12:15,13:00,Mr Miles Hammed-Brazel,0014J00000j1bIdQAI,Male,a0O2000000AeJL1EAN,a0WPz00000Wxo24MAB
st-albans,Thursday 8 October 2026,True,07:30,08:15,Mr Miles Hammed-Brazel,0014J00000j1bIdQAI,Male,a0O2000000AeJL1EAN,a0WPz00000Wxo2GMAR
st-albans,Thursday 8 October 2026,True,08:15,09:00,Mr Miles Hammed-Brazel,0014J00000j1bIdQAI,Male,a0O2000000AeJL1EAN,a0WPz00000Wxo2GMAR
st-albans,Thursday 8 October 2026,True,11:00,11:45,Mr Miles Hammed-Brazel,0014J00000j1bIdQAI,Male,a0O2000000AeJL1EAN,a0WPz00000Wxo2GMAR
st-albans,Thursday 8 October 2026,True,11:45,12:30,Mr Miles Hammed-Brazel,0014J00000j1bIdQAI,Male,a0O2000000AeJL1EAN,a0WPz00000Wxo2GMAR
st-albans,Thursday 8 October 2026,True,12:30,13:15,Mr Miles Hammed-Brazel,0014J00000j1bIdQAI,Male,a0O2000000AeJL1EAN,a0WPz00000Wxo2GMAR
st-albans,Thursday 8 October 2026,True,14:30,15:15,Mr Miles Hammed-Brazel,0014J00000j1bIdQAI,Male,a0O2000000AeJL1EAN,a0WPz00000Wxo2qMAB
st-albans,Thursday 8 October 2026,True,15:15,16:00,Mr Miles Hammed-Brazel,0014J00000j1bIdQAI,Male,a0O2000000AeJL1EAN,a0WPz00000Wxo2qMAB
st-albans,Monday 12 October 2026,True,08:00,08:45,Mr Miles Hammed-Brazel,0014J00000j1bIdQAI,Male,a0O2000000AeJL1EAN,a0WPz00000Wxo1hMAB
st-albans,Monday 12 October 2026,True,08:45,09:30,Mr Miles Hammed-Brazel,0014J00000j1bIdQAI,Male,a0O2000000AeJL1EAN,a0WPz00000Wxo1hMAB
st-albans,Monday 12 October 2026,True,10:00,10:45,Mr Miles Hammed-Brazel,0014J00000j1bIdQAI,Male,a0O2000000AeJL1EAN,a0WPz00000Wxo1hMAB
st-albans,Monday 12 October 2026,True,10:45,11:30,Mr Miles Hammed-Brazel,0014J00000j1bIdQAI,Male,a0O2000000AeJL1EAN,a0WPz00000Wxo1hMAB
st-albans,Monday 12 October 2026,True,15:00,15:45,Mr Miles Hammed-Brazel,0014J00000j1bIdQAI,Male,a0O2000000AeJL1EAN,a0WPz00000Wxo2TMAR
st-albans,Monday 12 October 2026,True,15:45,16:30,Mr Miles Hammed-Brazel,0014J00000j1bIdQAI,Male,a0O2000000AeJL1EAN,a0WPz00000Wxo2TMAR
st-albans,Tuesday 13 October 2026,True,08:30,09:15,Mr Miles Hammed-Brazel,0014J00000j1bIdQAI,Male,a0O2000000AeJL1EAN,a0WPz00000Wxo1tMAB
st-albans,Tuesday 13 October 2026,True,09:15,10:00,Mr Miles Hammed-Brazel,0014J00000j1bIdQAI,Male,a0O2000000AeJL1EAN,a0WPz00000Wxo1tMAB
st-albans,Tuesday 13 October 2026,True,10:00,10:45,Mr Miles Hammed-Brazel,0014J00000j1bIdQAI,Male,a0O2000000AeJL1EAN,a0WPz00000Wxo1tMAB
st-albans,Tuesday 13 October 2026,True,10:45,11:30,Mr Miles Hammed-Brazel,0014J00000j1bIdQAI,Male,a0O2000000AeJL1EAN,a0WPz00000Wxo1tMAB
stoke-poges,Tuesday 6 October 2026,True,11:30,12:15,Mrs Michelle Hopkins,001w00000162XnUAAU,Female,a0O2000000AeJLAEA3,a0WPz00000JOP9AMAX
stoke-poges,Wednesday 7 October 2026,True,09:30,10:15,Mrs Michelle Hopkins,001w00000162XnUAAU,Female,a0O2000000AeJLAEA3,a0WPz00000JOP9BMAX
stoke-poges,Wednesday 7 October 2026,True,12:30,13:15,Mrs Michelle Hopkins,001w00000162XnUAAU,Female,a0O2000000AeJLAEA3,a0WPz00000JOP9BMAX
stoke-poges,Wednesday 7 October 2026,True,13:15,14:00,Mrs Michelle Hopkins,001w00000162XnUAAU,Female,a0O2000000AeJLAEA3,a0WPz00000JOP9BMAX
stoke-poges,Thursday 8 October 2026,True,11:00,11:45,Mrs Michelle Hopkins,001w00000162XnUAAU,Female,a0O2000000AeJLAEA3,a0WPz00000JOP9CMAX
stoke-poges,Friday 9 October 2026,True,12:45,13:30,Mrs Michelle Hopkins,001w00000162XnUAAU,Female,a0O2000000AeJLAEA3,a0WPz00000JOP9DMAX
stoke-poges,Monday 12 October 2026,True,12:00,12:45,Mrs Michelle Hopkins,001w00000162XnUAAU,Female,a0O2000000AeJLAEA3,a0WPz00000JOP7YMAX
stoke-poges,Monday 12 October 2026,True,12:45,13:30,Mrs Michelle Hopkins,001w00000162XnUAAU,Female,a0O2000000AeJLAEA3,a0WPz00000JOP7YMAX
stoke-poges,Tuesday 13 October 2026,True,10:30,11:15,Mrs Michelle Hopkins,001w00000162XnUAAU,Female,a0O2000000AeJLAEA3,a0WPz00000JOP9EMAX
stoke-poges,Tuesday 13 October 2026,True,11:15,12:00,Mrs Michelle Hopkins,001w00000162XnUAAU,Female,a0O2000000AeJLAEA3,a0WPz00000JOP9EMAX
stoke-poges,Tuesday 13 October 2026,True,12:30,13:15,Mrs Michelle Hopkins,001w00000162XnUAAU,Female,a0O2000000AeJLAEA3,a0WPz00000JOP9EMAX
stoke-poges,Tuesday 13 October 2026,True,13:15,14:00,Mrs Michelle Hopkins,001w00000162XnUAAU,Female,a0O2000000AeJLAEA3,a0WPz00000JOP9EMAX
surbiton,Wednesday 30 September 2026,True,15:45,16:30,Ms Dominika Kwasniewska,001Pz0000149GqnIAE,Female,a0O2000000AeJLHEA3,a0WPz00000UnKhBMAV
surbiton,Thursday 1 October 2026,True,12:00,12:45,Ms Dominika Kwasniewska,001Pz0000149GqnIAE,Female,a0O2000000AeJLHEA3,a0WPz00000UnKhPMAV
surbiton,Thursday 1 October 2026,True,12:45,13:30,Ms Dominika Kwasniewska,001Pz0000149GqnIAE,Female,a0O2000000AeJLHEA3,a0WPz00000UnKhPMAV
surbiton,Thursday 1 October 2026,True,14:30,15:15,Ms Dominika Kwasniewska,001Pz0000149GqnIAE,Female,a0O2000000AeJLHEA3,a0WPz00000UnKhPMAV
surbiton,Thursday 1 October 2026,True,17:00,17:45,Ms Dominika Kwasniewska,001Pz0000149GqnIAE,Female,a0O2000000AeJLHEA3,a0WPz00000UnKhdMAF
surbiton,Friday 2 October 2026,True,09:00,09:45,Ms Dominika Kwasniewska,001Pz0000149GqnIAE,Female,a0O2000000AeJLHEA3,a0WPz00000UmjqKMAR
surbiton,Friday 2 October 2026,True,10:45,11:30,Ms Dominika Kwasniewska,001Pz0000149GqnIAE,Female,a0O2000000AeJLHEA3,a0WPz00000UmjqKMAR
surbiton,Friday 2 October 2026,True,13:00,13:45,Ms Dominika Kwasniewska,001Pz0000149GqnIAE,Female,a0O2000000AeJLHEA3,a0WPz00000UmjqmMAB
surbiton,Friday 2 October 2026,True,13:45,14:30,Ms Dominika Kwasniewska,001Pz0000149GqnIAE,Female,a0O2000000AeJLHEA3,a0WPz00000UmjqmMAB
surbiton,Monday 5 October 2026,True,08:00,08:45,Mrs Harriet Callender,0014J0000096QCWQA2,Female,a0O2000000AeJLHEA3,a0WPz00000UUCyaMAH
surbiton,Monday 5 October 2026,True,09:30,10:15,Mrs Harriet Callender,0014J0000096QCWQA2,Female,a0O2000000AeJLHEA3,a0WPz00000UUCyaMAH
surbiton,Monday 5 October 2026,True,14:00,14:45,Mrs Harriet Callender,0014J0000096QCWQA2,Female,a0O2000000AeJLHEA3,a0WPz00000UUCyfMAH
surbiton,Tuesday 6 October 2026,True,11:15,12:00,Ms Dominika Kwasniewska,001Pz0000149GqnIAE,Female,a0O2000000AeJLHEA3,a0WPz00000UmjqLMAR
surbiton,Tuesday 6 October 2026,True,15:00,15:45,Ms Dominika Kwasniewska,001Pz0000149GqnIAE,Female,a0O2000000AeJLHEA3,a0WPz00000UmjqnMAB
surbiton,Wednesday 7 October 2026,True,11:45,12:30,Ms Dominika Kwasniewska,001Pz0000149GqnIAE,Female,a0O2000000AeJLHEA3,a0WPz00000Umjr6MAB
surbiton,Wednesday 7 October 2026,True,13:00,13:45,Ms Dominika Kwasniewska,001Pz0000149GqnIAE,Female,a0O2000000AeJLHEA3,a0WPz00000Umjr6MAB
surbiton,Wednesday 7 October 2026,True,15:00,15:45,Ms Dominika Kwasniewska,001Pz0000149GqnIAE,Female,a0O2000000AeJLHEA3,a0WPz00000UnKhCMAV
surbiton,Wednesday 7 October 2026,True,15:45,16:30,Ms Dominika Kwasniewska,001Pz0000149GqnIAE,Female,a0O2000000AeJLHEA3,a0WPz00000UnKhCMAV
surbiton,Thursday 8 October 2026,True,12:30,13:15,Ms Dominika Kwasniewska,001Pz0000149GqnIAE,Female,a0O2000000AeJLHEA3,a0WPz00000UnKhQMAV
surbiton,Thursday 8 October 2026,True,13:15,14:00,Ms Dominika Kwasniewska,001Pz0000149GqnIAE,Female,a0O2000000AeJLHEA3,a0WPz00000UnKhQMAV
surbiton,Thursday 8 October 2026,True,16:30,17:15,Ms Dominika Kwasniewska,001Pz0000149GqnIAE,Female,a0O2000000AeJLHEA3,a0WPz00000UnKheMAF
surbiton,Thursday 8 October 2026,True,17:15,18:00,Ms Dominika Kwasniewska,001Pz0000149GqnIAE,Female,a0O2000000AeJLHEA3,a0WPz00000UnKheMAF
surbiton,Thursday 8 October 2026,True,18:00,18:45,Ms Dominika Kwasniewska,001Pz0000149GqnIAE,Female,a0O2000000AeJLHEA3,a0WPz00000UnKheMAF
surbiton,Thursday 8 October 2026,True,18:45,19:30,Ms Dominika Kwasniewska,001Pz0000149GqnIAE,Female,a0O2000000AeJLHEA3,a0WPz00000UnKheMAF
surbiton,Friday 9 October 2026,True,08:30,09:15,Ms Dominika Kwasniewska,001Pz0000149GqnIAE,Female,a0O2000000AeJLHEA3,a0WPz00000UmjqMMAR
surbiton,Friday 9 October 2026,True,09:15,10:00,Ms Dominika Kwasniewska,001Pz0000149GqnIAE,Female,a0O2000000AeJLHEA3,a0WPz00000UmjqMMAR
surbiton,Friday 9 October 2026,True,10:00,10:45,Ms Dominika Kwasniewska,001Pz0000149GqnIAE,Female,a0O2000000AeJLHEA3,a0WPz00000UmjqMMAR
surbiton,Friday 9 October 2026,True,10:45,11:30,Ms Dominika Kwasniewska,001Pz0000149GqnIAE,Female,a0O2000000AeJLHEA3,a0WPz00000UmjqMMAR
surbiton,Friday 9 October 2026,True,14:15,15:00,Ms Dominika Kwasniewska,001Pz0000149GqnIAE,Female,a0O2000000AeJLHEA3,a0WPz00000UmjqoMAB
surbiton,Friday 9 October 2026,True,15:00,15:45,Ms Dominika Kwasniewska,001Pz0000149GqnIAE,Female,a0O2000000AeJLHEA3,a0WPz00000UmjqoMAB
surbiton,Monday 12 October 2026,True,09:00,09:45,Mrs Harriet Callender,0014J0000096QCWQA2,Female,a0O2000000AeJLHEA3,a0WPz00000UUCybMAH
surbiton,Monday 12 October 2026,True,11:00,11:45,Mrs Harriet Callender,0014J0000096QCWQA2,Female,a0O2000000AeJLHEA3,a0WPz00000UUCybMAH
surbiton,Monday 12 October 2026,True,13:00,13:45,Mrs Harriet Callender,0014J0000096QCWQA2,Female,a0O2000000AeJLHEA3,a0WPz00000UUCygMAH
surbiton,Monday 12 October 2026,True,13:45,14:30,Mrs Harriet Callender,0014J0000096QCWQA2,Female,a0O2000000AeJLHEA3,a0WPz00000UUCygMAH
surbiton,Monday 12 October 2026,True,14:30,15:15,Mrs Harriet Callender,0014J0000096QCWQA2,Female,a0O2000000AeJLHEA3,a0WPz00000UUCygMAH
surbiton,Tuesday 13 October 2026,True,08:30,09:15,Ms Dominika Kwasniewska,001Pz0000149GqnIAE,Female,a0O2000000AeJLHEA3,a0WPz00000UmjqNMAR
surbiton,Tuesday 13 October 2026,True,09:15,10:00,Ms Dominika Kwasniewska,001Pz0000149GqnIAE,Female,a0O2000000AeJLHEA3,a0WPz00000UmjqNMAR
surbiton,Tuesday 13 October 2026,True,10:00,10:45,Ms Dominika Kwasniewska,001Pz0000149GqnIAE,Female,a0O2000000AeJLHEA3,a0WPz00000UmjqNMAR
surbiton,Tuesday 13 October 2026,True,10:45,11:30,Ms Dominika Kwasniewska,001Pz0000149GqnIAE,Female,a0O2000000AeJLHEA3,a0WPz00000UmjqNMAR
surbiton,Tuesday 13 October 2026,True,15:00,15:45,Ms Dominika Kwasniewska,001Pz0000149GqnIAE,Female,a0O2000000AeJLHEA3,a0WPz00000UmjqpMAB
tees,Thursday 1 October 2026,True,08:30,09:15,Mr Charlie Yeoman,0014J00000U6nJuQAJ,Male,a0O2000000AeJHlEAN,a0WPz00000WnZS3MAN
tees,Thursday 1 October 2026,True,10:30,11:15,Mr Charlie Yeoman,0014J00000U6nJuQAJ,Male,a0O2000000AeJHlEAN,a0WPz00000WnZS3MAN
tees,Thursday 1 October 2026,True,08:00,08:45,Mrs Katherine Taylor,0012X00001raSVqQAM,Female,a0O2000000AeJHlEAN,a0WTw000003duVHMAY
tees,Thursday 1 October 2026,True,08:45,09:30,Mrs Katherine Taylor,0012X00001raSVqQAM,Female,a0O2000000AeJHlEAN,a0WTw000003duVHMAY
tees,Thursday 1 October 2026,True,11:00,11:45,Mrs Katherine Taylor,0012X00001raSVqQAM,Female,a0O2000000AeJHlEAN,a0WTw000003duVHMAY
tees,Thursday 1 October 2026,True,14:00,14:45,Mrs Katherine Taylor,0012X00001raSVqQAM,Female,a0O2000000AeJHlEAN,a0WPz00000Te8cxMAB
tees,Thursday 1 October 2026,True,14:45,15:30,Mrs Katherine Taylor,0012X00001raSVqQAM,Female,a0O2000000AeJHlEAN,a0WPz00000Te8cxMAB
tees,Thursday 1 October 2026,True,16:00,16:45,Mrs Katherine Taylor,0012X00001raSVqQAM,Female,a0O2000000AeJHlEAN,a0WPz00000Te8cxMAB
tees,Monday 5 October 2026,True,08:00,08:45,Mr Charlie Yeoman,0014J00000U6nJuQAJ,Male,a0O2000000AeJHlEAN,a0WTw000003aXa1MAE
tees,Monday 5 October 2026,True,08:45,09:30,Mr Charlie Yeoman,0014J00000U6nJuQAJ,Male,a0O2000000AeJHlEAN,a0WTw000003aXa1MAE
tees,Monday 5 October 2026,True,09:30,10:15,Mr Charlie Yeoman,0014J00000U6nJuQAJ,Male,a0O2000000AeJHlEAN,a0WTw000003aXa1MAE
tees,Tuesday 6 October 2026,True,08:00,08:45,Mr Charlie Yeoman,0014J00000U6nJuQAJ,Male,a0O2000000AeJHlEAN,a0WTw000003aRCrMAM
tees,Thursday 8 October 2026,True,16:30,17:15,Mr Charlie Yeoman,0014J00000U6nJuQAJ,Male,a0O2000000AeJHlEAN,a0WTw000003k0jOMAQ
tees,Thursday 8 October 2026,True,17:15,18:00,Mr Charlie Yeoman,0014J00000U6nJuQAJ,Male,a0O2000000AeJHlEAN,a0WTw000003k0jOMAQ
tees,Friday 9 October 2026,True,08:00,08:45,Mr Charlie Yeoman,0014J00000U6nJuQAJ,Male,a0O2000000AeJHlEAN,a0WTw000003ZndgMAC
tees,Friday 9 October 2026,True,08:45,09:30,Mr Charlie Yeoman,0014J00000U6nJuQAJ,Male,a0O2000000AeJHlEAN,a0WTw000003ZndgMAC
tees,Monday 12 October 2026,True,09:30,10:15,Mrs Priya Gulla,0014J00000dk12XQAQ,Female,a0O2000000AeJHlEAN,a0WTw000003iKe0MAE
tees,Monday 12 October 2026,True,10:15,11:00,Mrs Priya Gulla,0014J00000dk12XQAQ,Female,a0O2000000AeJHlEAN,a0WTw000003iKe0MAE
tees,Monday 12 October 2026,True,11:00,11:45,Mrs Priya Gulla,0014J00000dk12XQAQ,Female,a0O2000000AeJHlEAN,a0WTw000003iKe0MAE
tees,Monday 12 October 2026,True,14:00,14:45,Mr Charlie Yeoman,0014J00000U6nJuQAJ,Male,a0O2000000AeJHlEAN,a0WTw000003k0jGMAQ
tees,Monday 12 October 2026,True,13:00,13:45,Mrs Priya Gulla,0014J00000dk12XQAQ,Female,a0O2000000AeJHlEAN,a0WTw000003iKdzMAE
tees,Monday 12 October 2026,True,13:45,14:30,Mrs Priya Gulla,0014J00000dk12XQAQ,Female,a0O2000000AeJHlEAN,a0WTw000003iKdzMAE
tees,Tuesday 13 October 2026,True,09:00,09:45,Mr Charlie Yeoman,0014J00000U6nJuQAJ,Male,a0O2000000AeJHlEAN,a0WTw000003k0jHMAQ
tees,Tuesday 13 October 2026,True,16:30,17:15,Mr Charlie Yeoman,0014J00000U6nJuQAJ,Male,a0O2000000AeJHlEAN,a0WTw000003k0jIMAQ
the-vale,Monday 5 October 2026,True,08:00,08:45,Ms Keshika Tharimena,001Pz00000OO3rnIAD,Female,a0O2000000AeJMNEA3,a0WPz00000XFgdVMAT
the-vale,Tuesday 6 October 2026,True,09:15,10:00,Mr Richard Wood,001w000001dulP2AAI,Male,a0O2000000AeJMNEA3,a0WPz00000XFlyIMAT
the-vale,Wednesday 7 October 2026,True,08:15,09:00,Mr Adrian Brown,00120000010rxbaAAA,Male,a0O2000000AeJMNEA3,a0WPz00000XAjfBMAT
the-vale,Wednesday 7 October 2026,True,09:30,10:15,Mr Adrian Brown,00120000010rxbaAAA,Male,a0O2000000AeJMNEA3,a0WPz00000XAjfBMAT
the-vale,Wednesday 7 October 2026,True,10:15,11:00,Mr Adrian Brown,00120000010rxbaAAA,Male,a0O2000000AeJMNEA3,a0WPz00000XAjfBMAT
the-vale,Wednesday 7 October 2026,True,14:30,15:15,Mr Adrian Brown,00120000010rxbaAAA,Male,a0O2000000AeJMNEA3,a0WPz00000XAjfOMAT
the-vale,Wednesday 7 October 2026,True,15:15,16:00,Mr Adrian Brown,00120000010rxbaAAA,Male,a0O2000000AeJMNEA3,a0WPz00000XAjfOMAT
the-vale,Thursday 8 October 2026,True,07:30,08:15,Mr Adrian Brown,00120000010rxbaAAA,Male,a0O2000000AeJMNEA3,a0WPz00000XAjfbMAD
the-vale,Friday 9 October 2026,True,08:00,08:45,Mr Richard Wood,001w000001dulP2AAI,Male,a0O2000000AeJMNEA3,a0WTw000003epa0MAA
the-vale,Monday 12 October 2026,True,11:00,11:45,Mr Jon Baldwin,00120000010rxbbAAA,Male,a0O2000000AeJMNEA3,a0WPz00000XASJPMA5
the-vale,Monday 12 October 2026,True,08:00,08:45,Mr Richard Wood,001w000001dulP2AAI,Male,a0O2000000AeJMNEA3,a0WPz00000WlAXnMAN
the-vale,Monday 12 October 2026,True,08:45,09:30,Mr Richard Wood,001w000001dulP2AAI,Male,a0O2000000AeJMNEA3,a0WPz00000WlAXnMAN
the-vale,Monday 12 October 2026,True,10:00,10:45,Mr Richard Wood,001w000001dulP2AAI,Male,a0O2000000AeJMNEA3,a0WPz00000WlAXnMAN
the-vale,Monday 12 October 2026,True,09:15,10:00,Mrs Donna Nunn,00120000010rxdSAAQ,Female,a0O2000000AeJMNEA3,a0WPz00000XG1GUMA1
the-vale,Monday 12 October 2026,True,13:45,14:30,Mr Jon Baldwin,00120000010rxbbAAA,Male,a0O2000000AeJMNEA3,a0WPz00000XAb3KMAT
the-vale,Monday 12 October 2026,True,15:00,15:45,Mr Richard Wood,001w000001dulP2AAI,Male,a0O2000000AeJMNEA3,a0WPz00000WlAXxMAN
the-vale,Monday 12 October 2026,True,14:30,15:15,Ms Keshika Tharimena,001Pz00000OO3rnIAD,Female,a0O2000000AeJMNEA3,a0WPz00000XFgdjMAD
the-vale,Monday 12 October 2026,True,15:15,16:00,Ms Keshika Tharimena,001Pz00000OO3rnIAD,Female,a0O2000000AeJMNEA3,a0WPz00000XFgdjMAD
the-vale,Monday 12 October 2026,True,17:00,17:45,Ms Keshika Tharimena,001Pz00000OO3rnIAD,Female,a0O2000000AeJMNEA3,a0WPz00000XFgdjMAD
the-vale,Tuesday 13 October 2026,True,08:30,09:15,Mr Richard Wood,001w000001dulP2AAI,Male,a0O2000000AeJMNEA3,a0WPz00000XFlyJMAT
the-vale,Tuesday 13 October 2026,True,09:15,10:00,Mr Richard Wood,001w000001dulP2AAI,Male,a0O2000000AeJMNEA3,a0WPz00000XFlyJMAT
the-vale,Tuesday 13 October 2026,True,13:15,14:00,Mr Richard Wood,001w000001dulP2AAI,Male,a0O2000000AeJMNEA3,a0WPz00000XFlyXMAT
the-vale,Tuesday 13 October 2026,True,14:00,14:45,Mr Richard Wood,001w000001dulP2AAI,Male,a0O2000000AeJMNEA3,a0WPz00000XFlyXMAT
the-vale,Tuesday 13 October 2026,True,14:45,15:30,Mr Richard Wood,001w000001dulP2AAI,Male,a0O2000000AeJMNEA3,a0WPz00000XFlyXMAT
the-vale,Tuesday 13 October 2026,True,13:45,14:30,Ms Joanne Tripp,001w00000158pnTAAQ,Female,a0O2000000AeJMNEA3,a0WPz00000XFKBmMAP
the-vale,Tuesday 13 October 2026,True,14:30,15:15,Ms Joanne Tripp,001w00000158pnTAAQ,Female,a0O2000000AeJMNEA3,a0WPz00000XFKBmMAP
the-vale,Tuesday 13 October 2026,True,15:30,16:15,Miss Emily Davies,001Pz00000EwuueIAB,Female,a0O2000000AeJMNEA3,a0WPz00000XAb1wMAD
wakefield,Wednesday 30 September 2026,True,17:15,18:00,Mr Ashley Delaney,001Tw00000vHBuIIAW,Male,a0Ow000000CI9UKEA1,a0WTw000003dm6OMAQ
wakefield,Wednesday 30 September 2026,True,18:00,18:45,Mr Ashley Delaney,001Tw00000vHBuIIAW,Male,a0Ow000000CI9UKEA1,a0WTw000003dm6OMAQ
wakefield,Thursday 1 October 2026,True,08:00,08:45,Mr Ashley Delaney,001Tw00000vHBuIIAW,Male,a0Ow000000CI9UKEA1,a0WTw000003dm6SMAQ
wakefield,Thursday 1 October 2026,True,13:00,13:45,Mr Ashley Delaney,001Tw00000vHBuIIAW,Male,a0Ow000000CI9UKEA1,a0WTw000003dm6WMAQ
wakefield,Thursday 1 October 2026,True,13:45,14:30,Mr Ashley Delaney,001Tw00000vHBuIIAW,Male,a0Ow000000CI9UKEA1,a0WTw000003dm6WMAQ
wakefield,Monday 5 October 2026,True,12:00,12:45,Mr Richard Walker,001Tw00000w6pxjIAA,Male,a0Ow000000CI9UKEA1,a0WTw000003mvYaMAI
wakefield,Monday 5 October 2026,True,12:45,13:30,Mr Richard Walker,001Tw00000w6pxjIAA,Male,a0Ow000000CI9UKEA1,a0WTw000003mvYaMAI
wakefield,Monday 5 October 2026,True,13:30,14:15,Mr Richard Walker,001Tw00000w6pxjIAA,Male,a0Ow000000CI9UKEA1,a0WTw000003mvYaMAI
wakefield,Monday 5 October 2026,True,14:15,15:00,Mr Richard Walker,001Tw00000w6pxjIAA,Male,a0Ow000000CI9UKEA1,a0WTw000003mvYaMAI
wakefield,Monday 5 October 2026,True,16:30,17:15,Mr Richard Walker,001Tw00000w6pxjIAA,Male,a0Ow000000CI9UKEA1,a0WTw000003mvYlMAI
wakefield,Monday 5 October 2026,True,18:00,18:45,Mr Richard Walker,001Tw00000w6pxjIAA,Male,a0Ow000000CI9UKEA1,a0WTw000003mvYlMAI
wakefield,Monday 5 October 2026,True,18:45,19:30,Mr Richard Walker,001Tw00000w6pxjIAA,Male,a0Ow000000CI9UKEA1,a0WTw000003mvYlMAI
wakefield,Tuesday 6 October 2026,True,11:30,12:15,Mr Richard Walker,001Tw00000w6pxjIAA,Male,a0Ow000000CI9UKEA1,a0WTw000003mvYyMAI
wakefield,Tuesday 6 October 2026,True,12:15,13:00,Mr Richard Walker,001Tw00000w6pxjIAA,Male,a0Ow000000CI9UKEA1,a0WTw000003mvYyMAI
wakefield,Tuesday 6 October 2026,True,15:00,15:45,Mr Richard Walker,001Tw00000w6pxjIAA,Male,a0Ow000000CI9UKEA1,a0WTw000003mvZ9MAI
wakefield,Tuesday 6 October 2026,True,16:15,17:00,Mr Richard Walker,001Tw00000w6pxjIAA,Male,a0Ow000000CI9UKEA1,a0WTw000003mvZ9MAI
wakefield,Wednesday 7 October 2026,True,13:45,14:30,Mr Ashley Delaney,001Tw00000vHBuIIAW,Male,a0Ow000000CI9UKEA1,a0WTw000003hqmQMAQ
wakefield,Wednesday 7 October 2026,True,14:30,15:15,Mr Ashley Delaney,001Tw00000vHBuIIAW,Male,a0Ow000000CI9UKEA1,a0WTw000003hqmQMAQ
wakefield,Wednesday 7 October 2026,True,17:00,17:45,Mr Ashley Delaney,001Tw00000vHBuIIAW,Male,a0Ow000000CI9UKEA1,a0WTw000003hqmSMAQ
wakefield,Wednesday 7 October 2026,True,17:45,18:30,Mr Ashley Delaney,001Tw00000vHBuIIAW,Male,a0Ow000000CI9UKEA1,a0WTw000003hqmSMAQ
wakefield,Wednesday 7 October 2026,True,18:30,19:15,Mr Ashley Delaney,001Tw00000vHBuIIAW,Male,a0Ow000000CI9UKEA1,a0WTw000003hqmSMAQ
wakefield,Thursday 8 October 2026,True,08:00,08:45,Mr Ashley Delaney,001Tw00000vHBuIIAW,Male,a0Ow000000CI9UKEA1,a0WTw000003hqmUMAQ
wakefield,Thursday 8 October 2026,True,10:30,11:15,Mr Ashley Delaney,001Tw00000vHBuIIAW,Male,a0Ow000000CI9UKEA1,a0WTw000003hqmUMAQ
wakefield,Thursday 8 October 2026,True,13:15,14:00,Mr Ashley Delaney,001Tw00000vHBuIIAW,Male,a0Ow000000CI9UKEA1,a0WTw000003hqmWMAQ
wakefield,Monday 12 October 2026,True,12:45,13:30,Mr Richard Walker,001Tw00000w6pxjIAA,Male,a0Ow000000CI9UKEA1,a0WTw000003mvYbMAI
wakefield,Monday 12 October 2026,True,13:30,14:15,Mr Richard Walker,001Tw00000w6pxjIAA,Male,a0Ow000000CI9UKEA1,a0WTw000003mvYbMAI
wakefield,Monday 12 October 2026,True,14:15,15:00,Mr Richard Walker,001Tw00000w6pxjIAA,Male,a0Ow000000CI9UKEA1,a0WTw000003mvYbMAI
wakefield,Monday 12 October 2026,True,16:30,17:15,Mr Richard Walker,001Tw00000w6pxjIAA,Male,a0Ow000000CI9UKEA1,a0WTw000003mvYmMAI
wakefield,Monday 12 October 2026,True,17:15,18:00,Mr Richard Walker,001Tw00000w6pxjIAA,Male,a0Ow000000CI9UKEA1,a0WTw000003mvYmMAI
wakefield,Monday 12 October 2026,True,18:00,18:45,Mr Richard Walker,001Tw00000w6pxjIAA,Male,a0Ow000000CI9UKEA1,a0WTw000003mvYmMAI
wakefield,Monday 12 October 2026,True,18:45,19:30,Mr Richard Walker,001Tw00000w6pxjIAA,Male,a0Ow000000CI9UKEA1,a0WTw000003mvYmMAI
wakefield,Tuesday 13 October 2026,True,10:00,10:45,Mr Richard Walker,001Tw00000w6pxjIAA,Male,a0Ow000000CI9UKEA1,a0WTw000003mvYzMAI
wakefield,Tuesday 13 October 2026,True,10:45,11:30,Mr Richard Walker,001Tw00000w6pxjIAA,Male,a0Ow000000CI9UKEA1,a0WTw000003mvYzMAI
wakefield,Tuesday 13 October 2026,True,11:30,12:15,Mr Richard Walker,001Tw00000w6pxjIAA,Male,a0Ow000000CI9UKEA1,a0WTw000003mvYzMAI
wakefield,Tuesday 13 October 2026,True,12:15,13:00,Mr Richard Walker,001Tw00000w6pxjIAA,Male,a0Ow000000CI9UKEA1,a0WTw000003mvYzMAI
wakefield,Tuesday 13 October 2026,True,14:30,15:15,Mr Richard Walker,001Tw00000w6pxjIAA,Male,a0Ow000000CI9UKEA1,a0WTw000003mvZAMAY
wakefield,Tuesday 13 October 2026,True,15:15,16:00,Mr Richard Walker,001Tw00000w6pxjIAA,Male,a0Ow000000CI9UKEA1,a0WTw000003mvZAMAY
wakefield,Tuesday 13 October 2026,True,16:15,17:00,Mr Richard Walker,001Tw00000w6pxjIAA,Male,a0Ow000000CI9UKEA1,a0WTw000003mvZAMAY
london-wandsworth,Tuesday 13 October 2026,True,08:30,09:15,Miss Annie Cruse,001Pz00000xbkZlIAI,Female,a0O2000000AeJMYEA3,a0WPz00000UTyavMAD
london-wandsworth,Tuesday 13 October 2026,True,09:15,10:00,Miss Annie Cruse,001Pz00000xbkZlIAI,Female,a0O2000000AeJMYEA3,a0WPz00000UTyavMAD
london-wandsworth,Tuesday 13 October 2026,True,10:00,10:45,Miss Annie Cruse,001Pz00000xbkZlIAI,Female,a0O2000000AeJMYEA3,a0WPz00000UTyavMAD
london-wandsworth,Tuesday 13 October 2026,True,10:45,11:30,Miss Annie Cruse,001Pz00000xbkZlIAI,Female,a0O2000000AeJMYEA3,a0WPz00000UTyavMAD
wandsworth-southside,Wednesday 7 October 2026,True,08:00,08:45,Miss Annie Cruse,001Pz00000xbkZlIAI,Female,a0Ow000000KKrHdEAL,a0WPz00000UTyalMAD
wandsworth-southside,Wednesday 7 October 2026,True,09:30,10:15,Miss Annie Cruse,001Pz00000xbkZlIAI,Female,a0Ow000000KKrHdEAL,a0WPz00000UTyalMAD
wandsworth-southside,Wednesday 7 October 2026,True,10:15,11:00,Miss Annie Cruse,001Pz00000xbkZlIAI,Female,a0Ow000000KKrHdEAL,a0WPz00000UTyalMAD
wandsworth-southside,Wednesday 7 October 2026,True,13:15,14:00,Miss Annie Cruse,001Pz00000xbkZlIAI,Female,a0Ow000000KKrHdEAL,a0WPz00000UTyaqMAD
wandsworth-southside,Wednesday 7 October 2026,True,14:00,14:45,Miss Annie Cruse,001Pz00000xbkZlIAI,Female,a0Ow000000KKrHdEAL,a0WPz00000UTyaqMAD
wandsworth-southside,Monday 12 October 2026,True,11:00,11:45,Miss Annie Cruse,001Pz00000xbkZlIAI,Female,a0Ow000000KKrHdEAL,a0WPz00000UTyaeMAD
wandsworth-southside,Monday 12 October 2026,True,11:45,12:30,Miss Annie Cruse,001Pz00000xbkZlIAI,Female,a0Ow000000KKrHdEAL,a0WPz00000UTyaeMAD
wandsworth-southside,Monday 12 October 2026,True,13:30,14:15,Miss Annie Cruse,001Pz00000xbkZlIAI,Female,a0Ow000000KKrHdEAL,a0WPz00000UTyaeMAD
west-byfleet,Thursday 8 October 2026,True,10:00,10:45,Ms Lisa Rossouw,00120000010rxgWAAQ,Female,a0O2000000AeJMbEAN,a0WPz00000JTKF8MAP
west-byfleet,Tuesday 13 October 2026,True,13:30,14:15,Ms Lisa Rossouw,00120000010rxgWAAQ,Female,a0O2000000AeJMbEAN,a0WPz00000JTIigMAH
west-byfleet,Tuesday 13 October 2026,True,14:15,15:00,Ms Lisa Rossouw,00120000010rxgWAAQ,Female,a0O2000000AeJMbEAN,a0WPz00000JTIigMAH
wolverhampton,Wednesday 30 September 2026,True,16:00,16:45,Mr Aaron Brown,0014J00000YV83YQAT,Male,a0O2000000AeJHpEAN,a0WTw000003W7O3MAK
york,Thursday 8 October 2026,True,09:30,10:15,Mrs Abigail Lawrence,00120000010rxemAAA,Female,a0O2000000AeJHqEAN,a0WPz00000RdNJ1MAN
york,Thursday 8 October 2026,True,10:15,11:00,Mrs Abigail Lawrence,00120000010rxemAAA,Female,a0O2000000AeJHqEAN,a0WPz00000RdNJ1MAN
york,Thursday 8 October 2026,True,08:30,09:15,Mr Jason Rohun,0014J00000qWSgZQAW,Male,a0O2000000AeJHqEAN,a0WPz00000UrwBGMAZ
york,Thursday 8 October 2026,True,09:15,10:00,Mr Jason Rohun,0014J00000qWSgZQAW,Male,a0O2000000AeJHqEAN,a0WPz00000UrwBGMAZ
york,Thursday 8 October 2026,True,10:00,10:45,Mr Jason Rohun,0014J00000qWSgZQAW,Male,a0O2000000AeJHqEAN,a0WPz00000UrwBGMAZ
york,Monday 12 October 2026,True,08:15,09:00,Mr Marcio Barbosa,0014J00000mfijRQAQ,Male,a0O2000000AeJHqEAN,a0WPz00000IYDmAMAX
york,Monday 12 October 2026,True,09:00,09:45,Mr Marcio Barbosa,0014J00000mfijRQAQ,Male,a0O2000000AeJHqEAN,a0WPz00000IYDmAMAX
york,Monday 12 October 2026,True,09:45,10:30,Mr Marcio Barbosa,0014J00000mfijRQAQ,Male,a0O2000000AeJHqEAN,a0WPz00000IYDmAMAX
york,Monday 12 October 2026,True,13:45,14:30,Mr Jason Rohun,0014J00000qWSgZQAW,Male,a0O2000000AeJHqEAN,a0WPz00000UrwBqMAJ
york,Monday 12 October 2026,True,14:30,15:15,Mr Jason Rohun,0014J00000qWSgZQAW,Male,a0O2000000AeJHqEAN,a0WPz00000UrwBqMAJ
york,Tuesday 13 October 2026,True,08:30,09:15,Mr Marcio Barbosa,0014J00000mfijRQAQ,Male,a0O2000000AeJHqEAN,a0WPz00000IYDmBMAX
york,Tuesday 13 October 2026,True,09:15,10:00,Mr Marcio Barbosa,0014J00000mfijRQAQ,Male,a0O2000000AeJHqEAN,a0WPz00000IYDmBMAX
york,Tuesday 13 October 2026,True,10:00,10:45,Mr Marcio Barbosa,0014J00000mfijRQAQ,Male,a0O2000000AeJHqEAN,a0WPz00000IYDmBMAX
york,Tuesday 13 October 2026,True,10:45,11:30,Mr Marcio Barbosa,0014J00000mfijRQAQ,Male,a0O2000000AeJHqEAN,a0WPz00000IYDmBMAX
york,Tuesday 13 October 2026,True,09:00,09:45,Mr Jason Rohun,0014J00000qWSgZQAW,Male,a0O2000000AeJHqEAN,a0WPz00000UrwBJMAZ
york,Tuesday 13 October 2026,True,14:00,14:45,Mr Jason Rohun,0014J00000qWSgZQAW,Male,a0O2000000AeJHqEAN,a0WPz00000UrwBrMAJ
york,Tuesday 13 October 2026,True,14:45,15:30,Mr Jason Rohun,0014J00000qWSgZQAW,Male,a0O2000000AeJHqEAN,a0WPz00000UrwBrMAJ
barbican-medical-centre,Thursday 1 October 2026,True,14:00,14:45,Ms Deborah Newton-Salam,00120000010rxVzAAI,Female,a0O4J00000AMxsCUAT,a0WPz00000Qn9dYMAR
barbican-medical-centre,Friday 2 October 2026,True,09:00,09:45,Kunal Sedani,0014J00000mhGIFQA2,Male,a0O4J00000AMxsCUAT,a0WPz00000SiO4pMAF
barbican-medical-centre,Friday 2 October 2026,True,11:15,12:00,Kunal Sedani,0014J00000mhGIFQA2,Male,a0O4J00000AMxsCUAT,a0WPz00000SiO4pMAF
barbican-medical-centre,Friday 2 October 2026,True,13:30,14:15,Kunal Sedani,0014J00000mhGIFQA2,Male,a0O4J00000AMxsCUAT,a0WPz00000SiOwGMAV
barbican-medical-centre,Monday 5 October 2026,True,11:45,12:30,Kunal Sedani,0014J00000mhGIFQA2,Male,a0O4J00000AMxsCUAT,a0WPz00000SiO3oMAF
barbican-medical-centre,Monday 5 October 2026,True,12:30,13:15,Kunal Sedani,0014J00000mhGIFQA2,Male,a0O4J00000AMxsCUAT,a0WPz00000SiO3oMAF
barbican-medical-centre,Monday 5 October 2026,True,13:15,14:00,Kunal Sedani,0014J00000mhGIFQA2,Male,a0O4J00000AMxsCUAT,a0WPz00000SiO3oMAF
barbican-medical-centre,Monday 5 October 2026,True,15:30,16:15,Kunal Sedani,0014J00000mhGIFQA2,Male,a0O4J00000AMxsCUAT,a0WPz00000SiO4RMAV
barbican-medical-centre,Monday 5 October 2026,True,16:15,17:00,Kunal Sedani,0014J00000mhGIFQA2,Male,a0O4J00000AMxsCUAT,a0WPz00000SiO4RMAV
barbican-medical-centre,Tuesday 6 October 2026,True,10:00,10:45,Kunal Sedani,0014J00000mhGIFQA2,Male,a0O4J00000AMxsCUAT,a0WPz00000SiO3pMAF
barbican-medical-centre,Tuesday 6 October 2026,True,14:00,14:45,Mr Vladislav Bubnov,001w0000018E8MqAAK,Male,a0O4J00000AMxsCUAT,a0WPz00000SbsmTMAR
barbican-medical-centre,Tuesday 6 October 2026,True,14:30,15:15,Kunal Sedani,0014J00000mhGIFQA2,Male,a0O4J00000AMxsCUAT,a0WPz00000SiO4SMAV
barbican-medical-centre,Wednesday 7 October 2026,True,09:45,10:30,Mr Vladislav Bubnov,001w0000018E8MqAAK,Male,a0O4J00000AMxsCUAT,a0WPz00000SbEvzMAF
barbican-medical-centre,Wednesday 7 October 2026,True,10:30,11:15,Kunal Sedani,0014J00000mhGIFQA2,Male,a0O4J00000AMxsCUAT,a0WPz00000SiO3qMAF
barbican-medical-centre,Wednesday 7 October 2026,True,11:15,12:00,Kunal Sedani,0014J00000mhGIFQA2,Male,a0O4J00000AMxsCUAT,a0WPz00000SiO3qMAF
barbican-medical-centre,Wednesday 7 October 2026,True,14:30,15:15,Kunal Sedani,0014J00000mhGIFQA2,Male,a0O4J00000AMxsCUAT,a0WPz00000SiO4TMAV
barbican-medical-centre,Thursday 8 October 2026,True,11:00,11:45,Ms Deborah Newton-Salam,00120000010rxVzAAI,Female,a0O4J00000AMxsCUAT,a0WPz00000Qn9dFMAR
barbican-medical-centre,Thursday 8 October 2026,True,12:30,13:15,Ms Deborah Newton-Salam,00120000010rxVzAAI,Female,a0O4J00000AMxsCUAT,a0WPz00000Qn9dFMAR
barbican-medical-centre,Thursday 8 October 2026,True,13:15,14:00,Mr Vladislav Bubnov,001w0000018E8MqAAK,Male,a0O4J00000AMxsCUAT,a0WPz00000SbsmVMAR
barbican-medical-centre,Thursday 8 October 2026,True,15:30,16:15,Mr Vladislav Bubnov,001w0000018E8MqAAK,Male,a0O4J00000AMxsCUAT,a0WPz00000SbsmVMAR
barbican-medical-centre,Friday 9 October 2026,True,08:30,09:15,Mr Vladislav Bubnov,001w0000018E8MqAAK,Male,a0O4J00000AMxsCUAT,a0WPz00000SbEw1MAF
barbican-medical-centre,Friday 9 October 2026,True,09:15,10:00,Mr Vladislav Bubnov,001w0000018E8MqAAK,Male,a0O4J00000AMxsCUAT,a0WPz00000SbEw1MAF
barbican-medical-centre,Friday 9 October 2026,True,10:45,11:30,Mr Vladislav Bubnov,001w0000018E8MqAAK,Male,a0O4J00000AMxsCUAT,a0WPz00000SbEw1MAF
barbican-medical-centre,Friday 9 October 2026,True,09:00,09:45,Kunal Sedani,0014J00000mhGIFQA2,Male,a0O4J00000AMxsCUAT,a0WPz00000SiO4qMAF
barbican-medical-centre,Friday 9 October 2026,True,09:45,10:30,Kunal Sedani,0014J00000mhGIFQA2,Male,a0O4J00000AMxsCUAT,a0WPz00000SiO4qMAF
barbican-medical-centre,Friday 9 October 2026,True,13:30,14:15,Kunal Sedani,0014J00000mhGIFQA2,Male,a0O4J00000AMxsCUAT,a0WPz00000SiOwHMAV
barbican-medical-centre,Friday 9 October 2026,True,15:00,15:45,Kunal Sedani,0014J00000mhGIFQA2,Male,a0O4J00000AMxsCUAT,a0WPz00000SiOwHMAV
barbican-medical-centre,Friday 9 October 2026,True,15:45,16:30,Kunal Sedani,0014J00000mhGIFQA2,Male,a0O4J00000AMxsCUAT,a0WPz00000SiOwHMAV
barbican-medical-centre,Friday 9 October 2026,True,13:15,14:00,Mr Vladislav Bubnov,001w0000018E8MqAAK,Male,a0O4J00000AMxsCUAT,a0WPz00000SbsmWMAR
barbican-medical-centre,Friday 9 October 2026,True,14:30,15:15,Mr Vladislav Bubnov,001w0000018E8MqAAK,Male,a0O4J00000AMxsCUAT,a0WPz00000SbsmWMAR
barbican-medical-centre,Monday 12 October 2026,True,09:15,10:00,Mr Vladislav Bubnov,001w0000018E8MqAAK,Male,a0O4J00000AMxsCUAT,a0WPz00000SbEw2MAF
barbican-medical-centre,Monday 12 October 2026,True,10:00,10:45,Mr Vladislav Bubnov,001w0000018E8MqAAK,Male,a0O4J00000AMxsCUAT,a0WPz00000SbEw2MAF
barbican-medical-centre,Monday 12 October 2026,True,10:45,11:30,Mr Vladislav Bubnov,001w0000018E8MqAAK,Male,a0O4J00000AMxsCUAT,a0WPz00000SbEw2MAF
barbican-medical-centre,Monday 12 October 2026,True,11:00,11:45,Kunal Sedani,0014J00000mhGIFQA2,Male,a0O4J00000AMxsCUAT,a0WPz00000SiO3rMAF
barbican-medical-centre,Monday 12 October 2026,True,11:45,12:30,Kunal Sedani,0014J00000mhGIFQA2,Male,a0O4J00000AMxsCUAT,a0WPz00000SiO3rMAF
barbican-medical-centre,Monday 12 October 2026,True,12:30,13:15,Kunal Sedani,0014J00000mhGIFQA2,Male,a0O4J00000AMxsCUAT,a0WPz00000SiO3rMAF
barbican-medical-centre,Monday 12 October 2026,True,13:15,14:00,Kunal Sedani,0014J00000mhGIFQA2,Male,a0O4J00000AMxsCUAT,a0WPz00000SiO3rMAF
barbican-medical-centre,Monday 12 October 2026,True,13:15,14:00,Mr Vladislav Bubnov,001w0000018E8MqAAK,Male,a0O4J00000AMxsCUAT,a0WPz00000SbsmXMAR
barbican-medical-centre,Monday 12 October 2026,True,14:00,14:45,Mr Vladislav Bubnov,001w0000018E8MqAAK,Male,a0O4J00000AMxsCUAT,a0WPz00000SbsmXMAR
barbican-medical-centre,Monday 12 October 2026,True,15:30,16:15,Kunal Sedani,0014J00000mhGIFQA2,Male,a0O4J00000AMxsCUAT,a0WPz00000SiO4UMAV
barbican-medical-centre,Monday 12 October 2026,True,16:15,17:00,Kunal Sedani,0014J00000mhGIFQA2,Male,a0O4J00000AMxsCUAT,a0WPz00000SiO4UMAV
barbican-medical-centre,Tuesday 13 October 2026,True,09:30,10:15,Mr Vladislav Bubnov,001w0000018E8MqAAK,Male,a0O4J00000AMxsCUAT,a0WPz00000SbEw3MAF
barbican-medical-centre,Tuesday 13 October 2026,True,10:15,11:00,Mr Vladislav Bubnov,001w0000018E8MqAAK,Male,a0O4J00000AMxsCUAT,a0WPz00000SbEw3MAF
barbican-medical-centre,Tuesday 13 October 2026,True,11:00,11:45,Mr Vladislav Bubnov,001w0000018E8MqAAK,Male,a0O4J00000AMxsCUAT,a0WPz00000SbEw3MAF
barbican-medical-centre,Tuesday 13 October 2026,True,10:00,10:45,Kunal Sedani,0014J00000mhGIFQA2,Male,a0O4J00000AMxsCUAT,a0WPz00000SiO3sMAF
barbican-medical-centre,Tuesday 13 October 2026,True,10:45,11:30,Kunal Sedani,0014J00000mhGIFQA2,Male,a0O4J00000AMxsCUAT,a0WPz00000SiO3sMAF
barbican-medical-centre,Tuesday 13 October 2026,True,13:15,14:00,Mr Vladislav Bubnov,001w0000018E8MqAAK,Male,a0O4J00000AMxsCUAT,a0WPz00000SbsmYMAR
barbican-medical-centre,Tuesday 13 October 2026,True,14:00,14:45,Mr Vladislav Bubnov,001w0000018E8MqAAK,Male,a0O4J00000AMxsCUAT,a0WPz00000SbsmYMAR
barbican-medical-centre,Tuesday 13 October 2026,True,14:45,15:30,Mr Vladislav Bubnov,001w0000018E8MqAAK,Male,a0O4J00000AMxsCUAT,a0WPz00000SbsmYMAR
barbican-medical-centre,Tuesday 13 October 2026,True,15:30,16:15,Mr Vladislav Bubnov,001w0000018E8MqAAK,Male,a0O4J00000AMxsCUAT,a0WPz00000SbsmYMAR
barbican-medical-centre,Tuesday 13 October 2026,True,15:15,16:00,Kunal Sedani,0014J00000mhGIFQA2,Male,a0O4J00000AMxsCUAT,a0WPz00000SiO4VMAV
barbican-medical-centre,Tuesday 13 October 2026,True,16:00,16:45,Kunal Sedani,0014J00000mhGIFQA2,Male,a0O4J00000AMxsCUAT,a0WPz00000SiO4VMAV
barbican-medical-centre,Tuesday 13 October 2026,True,16:45,17:30,Kunal Sedani,0014J00000mhGIFQA2,Male,a0O4J00000AMxsCUAT,a0WPz00000SiO4VMAV
medway,Friday 2 October 2026,True,10:15,11:00,Miss Lauren King,0014J00000qTEFuQAO,Female,a0Ow000000KKqUzEAL,a0WPz00000UPsYkMAL
medway,Monday 5 October 2026,True,11:15,12:00,Miss Lauren King,0014J00000qTEFuQAO,Female,a0Ow000000KKqUzEAL,a0WPz00000UPsYlMAL
medway,Monday 5 October 2026,True,13:00,13:45,Miss Lauren King,0014J00000qTEFuQAO,Female,a0Ow000000KKqUzEAL,a0WPz00000UPsZ9MAL
medway,Thursday 8 October 2026,True,17:00,17:45,Miss Lauren King,0014J00000qTEFuQAO,Female,a0Ow000000KKqUzEAL,a0WPz00000UPsZfMAL
medway,Thursday 8 October 2026,True,18:30,19:15,Miss Lauren King,0014J00000qTEFuQAO,Female,a0Ow000000KKqUzEAL,a0WPz00000UPsZfMAL
medway,Friday 9 October 2026,True,10:30,11:15,Miss Lauren King,0014J00000qTEFuQAO,Female,a0Ow000000KKqUzEAL,a0WPz00000UPsYmMAL
medway,Friday 9 October 2026,True,11:15,12:00,Miss Lauren King,0014J00000qTEFuQAO,Female,a0Ow000000KKqUzEAL,a0WPz00000UPsYmMAL
medway,Friday 9 October 2026,True,13:30,14:15,Miss Lauren King,0014J00000qTEFuQAO,Female,a0Ow000000KKqUzEAL,a0WPz00000UPsZAMA1
medway,Monday 12 October 2026,True,10:00,10:45,Miss Lauren King,0014J00000qTEFuQAO,Female,a0Ow000000KKqUzEAL,a0WPz00000UPsYnMAL
medway,Monday 12 October 2026,True,10:45,11:30,Miss Lauren King,0014J00000qTEFuQAO,Female,a0Ow000000KKqUzEAL,a0WPz00000UPsYnMAL
medway,Monday 12 October 2026,True,13:45,14:30,Miss Lauren King,0014J00000qTEFuQAO,Female,a0Ow000000KKqUzEAL,a0WPz00000UPsZBMA1
medway,Monday 12 October 2026,True,14:30,15:15,Miss Lauren King,0014J00000qTEFuQAO,Female,a0Ow000000KKqUzEAL,a0WPz00000UPsZBMA1
medway,Monday 12 October 2026,True,15:15,16:00,Miss Lauren King,0014J00000qTEFuQAO,Female,a0Ow000000KKqUzEAL,a0WPz00000UPsZBMA1
birmingham-rubery,Wednesday 7 October 2026,True,15:45,16:30,Mrs Natasha Natrins,0014J00000fEiWmQAK,Female,a0O2000000AeJBHEA3,a0WPz00000PwFE8MAN
birmingham-rubery,Wednesday 7 October 2026,True,16:30,17:15,Mrs Natasha Natrins,0014J00000fEiWmQAK,Female,a0O2000000AeJBHEA3,a0WPz00000PwFE8MAN
birmingham-rubery,Monday 12 October 2026,True,12:00,12:45,Mrs Natasha Natrins,0014J00000fEiWmQAK,Female,a0O2000000AeJBHEA3,a0WPz00000K6GPGMA3
birmingham-rubery,Monday 12 October 2026,True,15:00,15:45,Mrs Natasha Natrins,0014J00000fEiWmQAK,Female,a0O2000000AeJBHEA3,a0WPz00000K6GPqMAN
birmingham-rubery,Monday 12 October 2026,True,15:45,16:30,Mrs Natasha Natrins,0014J00000fEiWmQAK,Female,a0O2000000AeJBHEA3,a0WPz00000K6GPqMAN
birmingham-rubery,Monday 12 October 2026,True,18:30,19:15,Mrs Natasha Natrins,0014J00000fEiWmQAK,Female,a0O2000000AeJBHEA3,a0WPz00000K6GPqMAN
